dataset_id,last_name,given_name,ORCID,affiliation,additional_role
ABRS_1981,Gallagher,Rachael,0000-0002-4680-8115,"Hawkesbury Institute for the Environment, Western Sydney University, Australia",
ABRS_2022,Coleman,David,0000-0002-1773-6597,"Evolution & Ecology Research Centre, School of Biological, Earth, and Environmental Sciences, UNSW Sydney, Australia",contact
ABRS_2023,Coleman,David,0000-0002-1773-6597,"Evolution & Ecology Research Centre, School of Biological, Earth, and Environmental Sciences, UNSW Sydney, Australia",contact
Ahrens_2019,Ahrens,Collin W.,0000-0002-0614-9928,"Hawkesbury Institute for the Environment, Western Sydney University, Australia",contact
Ahrens_2019,Rymer,Paul D.,0000-0003-0988-4351,"Hawkesbury Institute for the Environment, Western Sydney University, Australia",
Ahrens_2019,Mazanec,Richard,0000-0002-4332-887X,"Biodiversity and Conservation Science, Department of Biodiversity, Conservation and Attractions, WA, Australia",
ANBG_2019,Guja,Lydia,0000-0001-5945-438X,"Centre for Australian National Biodiversity Research (a joint venture between Parks Australia and CSIRO), Canberra, ACT, Australia",contact
ANBG_2019,Clinton,Brook,,"Centre for Australian National Biodiversity Research (a joint venture between Parks Australia and CSIRO), Canberra, ACT, Australia",
ANBG_2019,North,Tom,,"Centre for Australian National Biodiversity Research (a joint venture between Parks Australia and CSIRO), Canberra, ACT, Australia",
ANBG_2019,Fuchs,Anne,0000-0001-5737-8803,"Centre for Australian National Biodiversity Research (a joint venture between Parks Australia and CSIRO), Canberra, ACT, Australia",
Andrew_2022,Andrew,Samuel,0000-0003-4589-2746,"CSIRO Land and Water, Australia",
Andrew_2022,Arnold,Pieter,0000-0002-6158-7752,"The Australian National University, Australia",contact
Angevin_2011,Angevin,Tara,,"La Trobe University, Australia",contact
Angevin_2011,Morgan,John,0000-0003-2003-5983,"La Trobe University, Australia",
Apgaua_2015,Apgaua,Deborah,0000-0002-6303-6989,"Centre for Rainforest Studies, School for Field Studies, Yungaburra, Queensland 4872, Australia",contact
Apgaua_2015,Tng,David Yue Phin Jeremiah-Seok,0000-0001-5135-0922,"Centre for Rainforest Studies, School for Field Studies, Yungaburra, Queensland 4872, Australia",
Apgaua_2015,Laurance,Susan,0000-0002-2831-2933,"James Cook University, Australia",
Apgaua_2017,Apgaua,Deborah,0000-0002-6303-6989,"Centre for Rainforest Studies, School for Field Studies, Yungaburra, Queensland 4872, Australia",contact
Apgaua_2017,Tng,David Yue Phin Jeremiah-Seok,0000-0001-5135-0922,"Centre for Rainforest Studies, School for Field Studies, Yungaburra, Queensland 4872, Australia",
Apgaua_2017,Laurance,Susan,0000-0002-2831-2933,"James Cook University, Australia",
Arnold_2021,Arnold,Pieter,0000-0002-6158-7752,"The Australian National University, Australia",contact
Arnold_2021,Nicotra,Adrienne,0000-0001-6578-369X,"The Australian National University, Australia",
Arnold_2022,Arnold,Pieter,0000-0002-6158-7752,"The Australian National University, Australia",contact
Arnold_2022,Nicotra,Adrienne,0000-0001-6578-369X,"The Australian National University, Australia",
Arnold_2024,Arnold,Pieter,0000-0002-6158-7752,"The Australian National University, Australia",contact
Arnold_2024,Nicotra,Adrienne,0000-0001-6578-369X,"The Australian National University, Australia",
Atkinson_2020,Atkinson,Joe,0000-0001-9232-4421,"Evolution & Ecology Research Centre, School of Biological, Earth, and Environmental Sciences, UNSW Sydney, Australia",contact
Atkinson_2020_2,Atkinson,Joe,0000-0001-9232-4421,"Evolution & Ecology Research Centre, School of Biological, Earth, and Environmental Sciences, UNSW Sydney, Australia",contact
ATRP_2020,Coleman,David,0000-0002-1773-6597,"Evolution & Ecology Research Centre, School of Biological, Earth, and Environmental Sciences, UNSW Sydney, Australia",contact
Auld_2000,Auld,Tony,0000-0002-8766-2829,"NSW Department of Planning Industry and Environment, Australia",
Baker_2019,Baker,Andrew,0000-0002-0658-3767,"Southern Cross University, Australia",contact
Barrett_2009,Barrett,Sarah,0000-0003-2790-992X,"Western Australia Department of Biodiversity, Conservation and Attractions",
Bean_1997,Bean,Anthony,0000-0001-5697-1664,"Queensland Herbarium, Australia",contact
Bebawi_2015,Bebawi,Faiz,0000-0002-3935-3888,"Tropical Weeds Research Centre, Queensland",
Benwell_2024,Benwell,Andrew,0009-0001-6386-1110,"Ecos Environmental Pty Ltd, 3 Short Street, New Brighton, NSW 2483, Australia",
Blackman_2010,Blackman,Chris,0000-0002-7057-956X,"University of Tasmania, Australia",contact
Blackman_2010,Brodribb,Timothy,0000-0002-4964-6107,"University of Tasmania, Australia",
Blackman_2010,Jordan,Gregory,0000-0002-6033-2766,"University of Tasmania, Australia",
Blackman_2019,Blackman,Chris,0000-0002-7057-956X,"University of Tasmania, Australia",contact
Blackman_2023,Blackman,Chris,0000-0002-7057-956X,"University of Tasmania, Australia",contact
Bloomfield_2018,Bloomfield,Keith,0000-0002-6492-4507,"Imperial College, London, United Kingdom",
Bloomfield_2018,Atkin,Owen,0000-0003-1041-5202,"The Australian National University, Australia",contact
Bourne_2017,Bourne,Aimee E.,,"Hawkesbury Institute for the Environment, Western Sydney University, Australia",
Bourne_2017,Choat,Brendan,0000-0002-9105-640X,"Hawkesbury Institute for the Environment, Western Sydney University, Australia",contact
Bradshaw_2022,Bradshaw,Holly,,"University of South Australia, Australia",
Bradshaw_2022,Guerin,Greg,0000-0002-2104-6695,"School of Biological Sciences, The University of Adelaide, Australia",contact
Bragg_2002,Bragg,Jason,0000-0002-7621-7295,"Research Centre for Ecosystem Resilience, Australian Institute of Botanical Science, Royal Botanic Gardens and Domain Trust, Sydney, Australia",contact
Bragg_2002,Westoby,Mark,0000-0001-7690-4530,"Department of Biological Sciences, Macquarie University, Australia",
Briggs_2010,Briggs,Amber,0000-0001-5933-1064,unknown,
Briggs_2010,Morgan,John,0000-0003-2003-5983,"La Trobe University, Australia",contact
Britton_1994,Britton,Delny L.,,"University of New England, Australia",
Brock_1993,Brock,John,,unknown,
Brodribb_2000,Brodribb,Timothy,0000-0002-4964-6107,"Department of Plant Science, University of Tasmania",
Bryant_2021,Bryant,Callum,0000-0002-8035-9157,"The Australian National University, Australia",contact
Bryant_2021,Ball,Marilyn,0000-0001-9170-940X,"The Australian National University, Australia",
Bryant_2021_2,Bryant,Callum,0000-0002-8035-9157,"The Australian National University, Australia",contact
Bryant_2021_2,Ball,Marilyn,0000-0001-9170-940X,"The Australian National University, Australia",
Bryant_2021_3,Bryant,Callum,0000-0002-8035-9157,"The Australian National University, Australia",contact
Bryant_2021_3,Ball,Marilyn,0000-0001-9170-940X,"The Australian National University, Australia",
Bryant_2024,Bryant,Callum,0000-0002-8035-9157,"The Australian National University, Australia",contact
Bryant_2024,Ball,Marilyn,0000-0001-9170-940X,"The Australian National University, Australia",
Buckton_2019,Buckton,Genevieve,,"James Cook University, Australia",
Buckton_2019,Cernusak,Lucas,0000-0002-7575-5526,"College of Science and Engineering, James Cook University, Cairns, QLD, Australia",contact
Burrows_2001,Burrows,Geoff,,"Charles Sturt University, Australia",contact
Burrows_2008,Burrows,Neil,0000-0001-8689-564X,"Biodiversity and Conservation Science, Department of Biodiversity, Conservation and Attractions, WA, Australia",
Burrows_2008_2,Burrows,Neil,0000-0001-8689-564X,"Biodiversity and Conservation Science, Department of Biodiversity, Conservation and Attractions, WA, Australia",
Burrows_2020,Burrows,Neil,0000-0001-8689-564X,"Biodiversity and Conservation Science, Department of Biodiversity, Conservation and Attractions, WA, Australia",
Burrows_2020,Gosper,Carl,0000-0002-0962-5117,"Biodiversity and Conservation Science, Department of Biodiversity, Conservation and Attractions, WA, Australia",contact
Butler_2004,Butler,Don,,"Queensland Herbarium, Mt Coot-tha Botanic Gardens",
Caldwell_2016,Caldwell,Elizabeth,,"School of Biological Sciences, Monash University, Australia",
Caldwell_2016,Read,Jennifer,0000-0002-4727-3482,"School of Biological Sciences, Monash University, Australia",contact
Caldwell_2016,Sanson,Gordon,,"School of Biological Sciences, Monash University, Australia",
Campbell_2006,Campbell,Monica,unknown,unknown,
Campbell_2006,Clarke,Peter,,"University of New England, Australia",
Canham_2009,Canham,Caroline,0000-0003-4196-9240,University of Western Australia,contact
Canham_2023,Canham,Caroline,0000-0003-4196-9240,University of Western Australia,contact
Canham_2023,Samantha,Setterfield,0000-0002-7470-4997,University of Western Australia,
Carey_2003,Carey,Amanda,unknown,Environment ACT,
Catford_2014,Catford,Jane A.,0000-0003-0582-5960,"King's College London, London, United Kingdom",contact
Cernusak_2006,Cernusak,Lucas,0000-0002-7575-5526,"College of Science and Engineering, James Cook University, Cairns, QLD, Australia",contact
Cernusak_2011,Cernusak,Lucas,0000-0002-7575-5526,"College of Science and Engineering, James Cook University, Cairns, QLD, Australia",contact
Chandler_2002,Chandler,Gregory,0000-0002-0905-6823,"Department of Agriculture, Australia",contact
Cheal_2017,Muir,Annette,0000-0001-9383-6613,"Department of Environment, Land, Water and Planning, Victoria, Australia",contact
Cheal_2017,White,Matthew,0000-0003-2120-0071,"Department of Environment, Land, Water and Planning, Victoria, Australia",
Cheal_2017,Cheal,David,0000-0001-8065-0254,"Centre for Environmental Management, School of Health & Life Sciences, Federation University, Australia",
Cheal_2017,Kohout,Michele,0000-0001-6739-505X,"Department of Environment, Land, Water and Planning, Victoria, Australia",
Cheesman_2020,Cheesman,Alexander W.,0000-0003-3931-5766,"James Cook University, Australia",contact
Cheesman_2020,Cernusak,Lucas,0000-0002-7575-5526,"College of Science and Engineering, James Cook University, Cairns, QLD, Australia",
Chen_2017,Chen,Si-Chong,0000-0002-6855-2595,"Royal Botanic Gardens, Kew, United Kingdom",contact
Chen_2017,Moles,Angela,0000-0003-2041-7762,"Evolution & Ecology Research Centre, School of Biological, Earth, and Environmental Sciences, UNSW Sydney, Australia",
Chinnock_2007,Chinnock,Robert,,"State Herbarium of South Australia, Botanic Gardens and State Herbarium, Hackney Road, Adelaide, SA 5000, Australia",
Choat_2006,Choat,Brendan,0000-0002-9105-640X,"Hawkesbury Institute for the Environment, Western Sydney University, Australia",contact
Choat_2012,Choat,Brendan,0000-0002-9105-640X,"Hawkesbury Institute for the Environment, Western Sydney University, Australia",contact
Clarke_2009,Clarke,Peter J.,,"University of New England, Australia",
Clarke_2015,Lawes,Michael,0000-0002-2381-6147,unknown,contact
Clarke_2015,Clarke,Peter,,"University of New England, Australia",
Cochrane_2001,Cochrane,Anne,0000-0001-5002-368X,"Biodiversity and Conservation Science, Department of Biodiversity, Conservation and Attractions, WA, Australia",contact
Cochrane_2017,Cochrane,Anne,0000-0001-5002-368X,"Biodiversity and Conservation Science, Department of Biodiversity, Conservation and Attractions, WA, Australia",contact
Cochrane_2018,Cochrane,Anne,0000-0001-5002-368X,"Biodiversity and Conservation Science, Department of Biodiversity, Conservation and Attractions, WA, Australia",contact
Cochrane_2019,Cochrane,Anne,0000-0001-5002-368X,"Biodiversity and Conservation Science, Department of Biodiversity, Conservation and Attractions, WA, Australia",contact
Collette_2021,Collette,Justin,0000-0002-4618-2677,"Australian PlantBank, Australian Institute of Botanical Science, Australian Botanic Garden, Mount Annan, NSW, Australia",
Collette_2021,Ooi,Mark,0000-0002-3046-0417,"Centre for Ecosystem Science, School of Biological, Earth, and Environmental Sciences, UNSW Sydney, Australia",
Cooper_2004,Cooper,Wendy,,consultant,
Cooper_2004,Cooper,William,,consultant,
Cooper_2013,Metcalfe,Daniel,0000-0001-6853-7072,"CSIRO Land and Water, Australia",contact
Cooper_2013,Cooper,Wendy,,consultant,
Cooper_2013,Cooper,William,,consultant,
Cowling_1987,Cowling,R. M.,,Western Australian Institute of Technology,
Craven_1987,Craven,Lyn,,"Australian National Herbarium, Australia",
Craven_2010,Craven,Lyn,,"Australian National Herbarium, Australia",
Creek_2018,Creek,Danielle,0000-0002-8242-2359,"Hawkesbury Institute for the Environment, University of Western Sydney, Penrith, New South Wales, Australia",
Crisp_2003,Crisp,Michael,0000-0002-8255-6349,"The Australian National University, Australia",contact
Crisp_2017,Crisp,Michael,0000-0002-8255-6349,"The Australian National University, Australia",contact
Cross_2009,Cross,Erika,,"Charles Sturt University, Australia",contact
Cross_2009,Morgan,John,0000-0003-2003-5983,"La Trobe University, Australia",
Crous_2013,Crous,Kristine,0000-0001-9478-7593,"Hawkesbury Institute for the Environment, Western Sydney University, Australia",contact
Crous_2019,Crous,Kristine,0000-0001-9478-7593,"Hawkesbury Institute for the Environment, Western Sydney University, Australia",contact
Crowley_2007,Crowley,G.,,,
Cunningham_1999,Cunningham,Saul,0000-0003-0703-6893,"Fenner School of Environment and Society, The Australian National University, Australia",contact
Cunningham_1999,Westoby,Mark,0000-0001-7690-4530,"Department of Biological Sciences, Macquarie University, Australia",
Curran_2009,Curran,Timothy,0000-0001-8817-4360,"Lincoln University, New Zealand",contact
Curran_2009,Warwick,Nigel,0000-0001-7009-3183,"University of New England, Australia",
Curran_2009,Clarke,Peter,,"University of New England, Australia",
Curtis_2012,Leigh,Andrea,0000-0003-3568-2606,"University of Technology Sydney, Australia",contact
Curtis_2012,Curtis,Ellen,,"University of Technology Sydney, Australia",
deCampos_2013,de Campos,Mariana,unknown,"School of Plant Biology, University of Western Australia",
Denton_2007,Denton,Matthew,0000-0002-2804-0384,"School of Agriculture, Food and Wine, University of Adelaide, Australia",contact
Denton_2007,Cawthray,Gregory,0000-0003-1150-6675,"University of Western Australia, Australia",
Denton_2007,Lambers,Hans,0000-0002-4118-2272,"University of Western Australia, Australia",
Denton_2007,Veneklaas,Erik,0000-0002-7030-4056,"University of Western Australia, Australia",
Detombeur_2021,de Tombeur,Félix,0000-0002-6012-8458,"TERRA Teaching and Research Centre, Gembloux Agro-Bio Tech, University of Liege, Gembloux, Belgium",contact
Detombeur_2021,Laliberté,Etienne,0000-0002-3167-2622,"Institut de recherche en biologie végétale, Université de Montréal, 4101 Sherbrooke Est, Montréal, Canada H1X 2B2",
Detombeur_2021,Lambers,Hans,0000-0002-4118-2272,"University of Western Australia, Australia",
Detombeur_2021,Zemunik,Graham,0000-0002-6064-345X,"University of Western Australia, Australia",
Detombeur_2025,de Tombeur,Félix,0000-0002-6012-8458,"School of Biological Sciences, University of Western Australia, Perth, Australia",contact
Doherty_2021,Doherty,Michael,unknown,"Eucryphia Botanical Consulting, Hackett, ACT",
Dong_2017,Dong,Ning,0000-0003-0793-8854,"Department of Biological Sciences, Macquarie University, Australia",contact
Dong_2017,Prentice,Iain Colin,0000-0002-1296-6764,"Imperial College, London, United Kingdom",
Drake_2011,Drake,Paul,0000-0002-1329-180X,University of Western Australia,
Draper_2023,Draper,Jenna,0000-0002-6262-2820,"School of Biological Sciences, The University of Adelaide, Adelaide, SA 5005, Australia",contact
Draper_2023,Simpson,Bradley,000-0002-6356-962X,"Clinical & Health Sciences, University of South Australia, SA 5000, Australia",contact
Du_2018,Du,Pengzhen,0000-0002-5774-5711,"Lanzhou University, China",
Du_2018,Farrell,Claire,0000-0002-5822-7529,"University of Melbourne, Australia",contact
Du_2018,Arndt,Stefan,0000-0001-7086-9375,"University of Melbourne, Australia",
Du_2019,Du,Pengzhen,0000-0002-5774-5711,"Lanzhou University, China",
Du_2019,Farrell,Claire,0000-0002-5822-7529,"University of Melbourne, Australia",contact
Du_2019,Arndt,Stefan,0000-0001-7086-9375,"University of Melbourne, Australia",
Duan_2015,Duan,Honglang,0000-0003-3761-6936,"Institute for Forest Resources & Environment of Guizhou. Guizhou University, Guiyang, China",
Duan_2015,Tissue,David,0000-0002-8497-2047,"Hawkesbury Institute for the Environment, Western Sydney University, Australia",contact
Duan_2015,Smith,Renee,,"Hawkesbury Institute for the Environment, Western Sydney University, Australia",
Duncan_1998,Duncan,David,0000-0003-4411-8214,"University of Melbourne, Australia",contact
Duncan_1998,Westoby,Mark,0000-0001-7690-4530,"Department of Biological Sciences, Macquarie University, Australia",
Dwyer_2017,Dwyer,John M.,0000-0001-7389-5528,"School of Biological Sciences, The University of Queensland, Australia",
Dwyer_2017,Laughlin,Daniel C.,0000-0002-9651-5732,"Department of Botany, University of Wyoming, Laramie, WY 82071, USA",
Dwyer_2018,Dwyer,John M.,0000-0001-7389-5528,"School of Biological Sciences, The University of Queensland, Australia",contact
Dwyer_2018,Mason,Riah,,"The University of Queensland, Australia",
Eamus_1998,Eamus,Derek,0000-0003-2765-8040,"University of Technology Sydney, Australia",
Eamus_1999,Eamus,Derek,0000-0003-2765-8040,"University of Technology Sydney, Australia",
Eamus_2000,Eamus,Derek,0000-0003-2765-8040,"University of Technology Sydney, Australia",
Edwards_2000,Read,Jennifer,0000-0002-4727-3482,"School of Biological Sciences, Monash University, Australia",contact
Edwards_2000,Sanson,Gordon,,"School of Biological Sciences, Monash University, Australia",
Edwards_2000,Edwards,Cheryl,0000-0003-3275-1020,"Melbourne Water, Australia",
eFLOWER_2021,Sauquet,Hervé,0000-0001-8305-3236,"National Herbarium of New South Wales, Australian Institute of Botanical Science, Royal Botanic Gardens and Domain Trust, Sydney, Australia",contact
eFLOWER_2021,Schönenberger,Jürg,0000-0001-6791-2731,"Department of Botany and Biodiversity Research, University of Vienna, Austria",
eFLOWER_2021,Balthazar,Maria von,0000-0001-7436-3582,"Department of Botany and Biodiversity Research, University of Vienna, Austria",
eFLOWER_2021,López Martinez,Andrea,0000-0002-2027-9753,"Universidad Nacional Autónoma de México, Mexico",
eFLOWER_2021,Magallón,Susana,0000-0002-6838-7497,"Universidad Nacional Autónoma de México, Mexico",
eFLOWER_Dun_2022,Dun,Lily,0000-0002-0712-5143,University of New South Wales,
eFLOWER_Dun_2022,Sauquet,Hervé,0000-0001-8305-3236,"National Herbarium of New South Wales, Australian Institute of Botanical Science, Royal Botanic Gardens and Domain Trust, Sydney, Australia",
eFLOWER_Dun_2022,Barrett,Russell,0000-0003-0360-8321,"National Herbarium of New South Wales, Australian Institute of Botanical Science, Royal Botanic Gardens and Domain Trust, Sydney, Australia",
Ellsworth_2015,Ellsworth,David S.,0000-0002-9699-2272,"Hawkesbury Institute for the Environment, Western Sydney University, Australia",contact
Ellsworth_2015,Crous,Kristine,0000-0001-9478-7593,"Hawkesbury Institute for the Environment, Western Sydney University, Australia",
Ellsworth_2015,Lambers,Hans,0000-0002-4118-2272,"University of Western Australia, Australia",
Ellsworth_2015,Cooke,Julia,0000-0002-3178-0674,"The Open University, Milton Keynes, United Kingdom",
Enright_2014,Enright,Neal,0000-0003-2979-4505,"School of Environmental and Conservation Sciences, Murdoch University, Murdoch, Western Australia, Australia",
EsperonRodriguez_2019,Esperon-Rodriguez,Manuel,0000-0003-3649-2134,"Hawkesbury Institute for the Environment, Western Sydney University, Australia",contact
EsperonRodriguez_2019,Power,Sally A.,0000-0002-2723-8671,"Hawkesbury Institute for the Environment, Western Sydney University, Australia",
EsperonRodriguez_2019,Tjoelker,Mark G.,0000-0003-4607-5238,"Hawkesbury Institute for the Environment, Western Sydney University, Australia",
EsperonRodriguez_2019,Rymer,Paul D.,0000-0003-0988-4351,"Hawkesbury Institute for the Environment, Western Sydney University, Australia",
EsperonRodriguez_2020,Esperon-Rodriguez,Manuel,0000-0003-3649-2134,"Hawkesbury Institute for the Environment, Western Sydney University, Australia",contact
Everingham_2020,Everingham,Susan,0000-0002-4780-2700,"Evolution & Ecology Research Centre, School of Biological, Earth, and Environmental Sciences, UNSW Sydney, Australia",contact
Everingham_2020,Moles,Angela,0000-0003-2041-7762,"Evolution & Ecology Research Centre, School of Biological, Earth, and Environmental Sciences, UNSW Sydney, Australia",
Falster_2003,Falster,Daniel,0000-0002-9814-092X,"Evolution & Ecology Research Centre, School of Biological, Earth, and Environmental Sciences, UNSW Sydney, Australia",contact
Falster_2003,Westoby,Mark,0000-0001-7690-4530,"Department of Biological Sciences, Macquarie University, Australia",
Falster_2005_1,Falster,Daniel,0000-0002-9814-092X,"Evolution & Ecology Research Centre, School of Biological, Earth, and Environmental Sciences, UNSW Sydney, Australia",contact
Falster_2005_1,Westoby,Mark,0000-0001-7690-4530,"Department of Biological Sciences, Macquarie University, Australia",
Falster_2005_2,Falster,Daniel,0000-0002-9814-092X,"Evolution & Ecology Research Centre, School of Biological, Earth, and Environmental Sciences, UNSW Sydney, Australia",contact
Falster_2005_2,Westoby,Mark,0000-0001-7690-4530,"Department of Biological Sciences, Macquarie University, Australia",
Farrell_2012,Farrell,Claire,0000-0002-5822-7529,"University of Melbourne, Australia",contact
Farrell_2012,Szota,Christopher,0000-0002-8837-591X,"University of Melbourne, Australia",
Farrell_2013,Farrell,Claire,0000-0002-5822-7529,"University of Melbourne, Australia",contact
Farrell_2013,Szota,Christopher,0000-0002-8837-591X,"University of Melbourne, Australia",
Farrell_2013,Arndt,Stefan,0000-0001-7086-9375,"University of Melbourne, Australia",
Farrell_2017,Farrell,Claire,0000-0002-5822-7529,"University of Melbourne, Australia",contact
Farrell_2017,Szota,Christopher,0000-0002-8837-591X,"University of Melbourne, Australia",
Farrell_2017,Arndt,Stefan,0000-0001-7086-9375,"University of Melbourne, Australia",
Firn_2019,Firn,Jennifer,0000-0001-6026-8912,"Queensland University of Technology, Brisbane, Australia",contact
Fonseca_2000,Fonseca,Carlos,0000-0003-0292-0399,"Departamento de Ecologia, Universidade Federal do Rio Grande do Norte, Natal, Brazil",contact
Fonseca_2000,Westoby,Mark,0000-0001-7690-4530,"Department of Biological Sciences, Macquarie University, Australia",
Forster_1992,Forster,Paul Irwin,,"Queensland Herbarium, Australia",
Forster_1995,Forster,Paul Irwin,,"Queensland Herbarium, Australia",
French_2017,French,Ben,0000-0001-5046-4047,"University of Tasmania, Australia",
French_2017,Prior,Lynda,0000-0002-5511-2320,"University of Tasmania, Australia",contact
French_2017,Bowman,David,0000-0001-8075-124X,"University of Tasmania, Australia",
French_2017,Nicholson,Áine,,"University of Tasmania, Australia",
Funk_2016,Funk,Jennifer,0000-0002-1916-5513,"Department of Plant Sciences, University of California, Davis, USA",
Funk_2016,Standish,Rachel,0000-0001-8118-1904,"Environmental and Conservation Sciences, Murdoch University, Australia",contact
Gallagher_2011_1,Gallagher,Rachael,0000-0002-4680-8115,"Hawkesbury Institute for the Environment, Western Sydney University, Australia",contact
Gallagher_2011_1,Suda,Jan,0000-0001-8964-9153,Academy of Science Czech Republic,
Gallagher_2011_1,Leishman,Michelle,0000-0003-4830-5797,"Department of Biological Sciences, Macquarie University, Australia",
Gallagher_2011_3,Gallagher,Rachael,0000-0002-4680-8115,"Hawkesbury Institute for the Environment, Western Sydney University, Australia",contact
Gallagher_2011_3,Davidson,Ian,,unknown,
Gallagher_2011_3,Leishman,Michelle,0000-0003-4830-5797,"Department of Biological Sciences, Macquarie University, Australia",contact
Gallagher_2012,Gallagher,Rachael,0000-0002-4680-8115,"Hawkesbury Institute for the Environment, Western Sydney University, Australia",contact
Gallagher_2012,Leishman,Michelle,0000-0003-4830-5797,"Department of Biological Sciences, Macquarie University, Australia",
Gallagher_2015,Gallagher,Rachael,0000-0002-4680-8115,"Hawkesbury Institute for the Environment, Western Sydney University, Australia",contact
Gallagher_2015,Lanfear,Robert,0000-0002-1140-2596,"Ecology and Evolution, Research School of Biology, Australian National University, Canberra, Australia",
Gallagher_2018,Gallagher,Rachael,0000-0002-4680-8115,"Hawkesbury Institute for the Environment, Western Sydney University, Australia",contact
Gallagher_2018,Laugier-Kitchener,Bree-Anne,0000-0002-5347-1055,"Department of Biological Sciences, Macquarie University, Australia",
Gallagher_2018,McPherson,Hannah,0000-0003-0254-4573,"National Herbarium of New South Wales, Australian Institute of Botanical Science, Royal Botanic Gardens and Domain Trust, Sydney, Australia",
Gallagher_2018,Rossetto,Maurizio,0000-0002-4878-9114,"National Herbarium of New South Wales, Australian Institute of Botanical Science, Royal Botanic Gardens and Domain Trust, Sydney, Australia",
Gallagher_2018,van der Merwe,Marlien,0000-0003-1307-5143,"Research Centre for Ecosystem Resilience, Australian Institute of Botanical Science, Royal Botanic Gardens and Domain Trust, Sydney, Australia",
Gallagher_2018,Wright,Ian,0000-0001-8338-9143,"Hawkesbury Institute for the Environment, Western Sydney University, Australia",
Gallagher_2018,Alfonzetti,Matthew,0000-0002-0064-6368,"Department of Biological Sciences, Macquarie University, Australia",
Gardiner_2019,Dwyer,John M.,0000-0001-7389-5528,"School of Biological Sciences, The University of Queensland, Australia",contact
Gardiner_2019,Gardiner,Ronald,,"The University of Queensland, Australia",
Geange_2017,Geange,Sonya,0000-0001-5344-7234,"The Australian National University, Australia",contact
Geange_2017,Nicotra,Adrienne,0000-0001-6578-369X,"The Australian National University, Australia",
Geange_2020,Geange,Sonya,0000-0001-5344-7234,"The Australian National University, Australia",contact
Geange_2020,Nicotra,Adrienne,0000-0001-6578-369X,"The Australian National University, Australia",
Ghannoum_2010,Ghannoum,Oula,0000-0002-1341-0741,"Hawkesbury Institute for the Environment, Western Sydney University, Australia",
Ghannoum_2010,Tissue,David,0000-0002-8497-2047,"Hawkesbury Institute for the Environment, Western Sydney University, Australia",contact
Ghannoum_2010,Smith,Renee,,"Hawkesbury Institute for the Environment, Western Sydney University, Australia",
Goble_1981,Goble-Garratt,Ethel,,unknown,
Gosper_2004,Gosper,Carl,0000-0002-0962-5117,"Biodiversity and Conservation Science, Department of Biodiversity, Conservation and Attractions, WA, Australia",contact
Gosper_2012,Gosper,Carl,0000-0002-0962-5117,"Biodiversity and Conservation Science, Department of Biodiversity, Conservation and Attractions, WA, Australia",contact
Gosper_2012,Prober,Suzanne,0000-0002-6518-239X,"CSIRO Land and Water, Australia",
Gosper_2012,Yates,Colin,0000-0003-2286-8700,"Biodiversity and Conservation Science, Department of Biodiversity, Conservation and Attractions, WA, Australia",
Gosper_2018,Gosper,Carl,0000-0002-0962-5117,"Biodiversity and Conservation Science, Department of Biodiversity, Conservation and Attractions, WA, Australia",contact
Gosper_2018,Prober,Suzanne,0000-0002-6518-239X,"CSIRO Land and Water, Australia",
Gosper_2018,Yates,Colin,0000-0003-2286-8700,"Biodiversity and Conservation Science, Department of Biodiversity, Conservation and Attractions, WA, Australia",
Gosper_2022,Gosper,Carl,0000-0002-0962-5117,"Biodiversity and Conservation Science, Department of Biodiversity, Conservation and Attractions, WA, Australia",contact
GrassBase_2014,Clayton,Derek,,"Royal Botanic Gardens, Kew, United Kingdom",
GrassBase_2014,Vorontsova,Maria,0000-0003-0899-1120,"Royal Botanic Gardens, Kew, United Kingdom",contact
Gray_2019,Gray,Emma,0000-0002-5352-0398,"Department of Biological Sciences, Macquarie University, Australia",
Gray_2019,Wright,Ian,0000-0001-8338-9143,"Hawkesbury Institute for the Environment, Western Sydney University, Australia",contact
Grigg_2008,Grigg,Alasdair,unknown,"Plant Biology, Faculty of Natural and Agricultural Sciences, The University of Western Australia",
Groom_1997,Groom,Philip K,,"Curtin University, Australia",
Groom_1997,Lamont,Byron,0000-0001-9279-7149,"Curtin University, Australia",contact
Groom_2010,Groom,Philip K,,"Curtin University, Australia",
Groom_2010,Lamont,Byron,0000-0001-9279-7149,"Curtin University, Australia",contact
Grootemaat_2015,Grootemaat,Saskia,0000-0002-5033-5912,"Evolution & Ecology Research Centre, School of Biological, Earth, and Environmental Sciences, UNSW Sydney, Australia",contact
Grootemaat_2015,Cornwell,William,0000-0003-4080-4073,"Evolution & Ecology Research Centre, School of Biological, Earth, and Environmental Sciences, UNSW Sydney, Australia",
Grootemaat_2015,Wright,Ian,0000-0001-8338-9143,"Hawkesbury Institute for the Environment, Western Sydney University, Australia",
Grootemaat_2017_1,Grootemaat,Saskia,0000-0002-5033-5912,"Evolution & Ecology Research Centre, School of Biological, Earth, and Environmental Sciences, UNSW Sydney, Australia",contact
Grootemaat_2017_1,Wright,Ian,0000-0001-8338-9143,"Hawkesbury Institute for the Environment, Western Sydney University, Australia",
Grootemaat_2017_2,Grootemaat,Saskia,0000-0002-5033-5912,"Evolution & Ecology Research Centre, School of Biological, Earth, and Environmental Sciences, UNSW Sydney, Australia",contact
Grootemaat_2017_2,Wright,Ian,0000-0001-8338-9143,"Hawkesbury Institute for the Environment, Western Sydney University, Australia",
Gross_1993,Gross,Caroline,0000-0001-8014-1548,"University of New England, Australia",contact
Gross_2005,Gross,Caroline,0000-0001-8014-1548,"University of New England, Australia",contact
Groves_1986,Groves,Richard,unknown,"Division of Plant Industry, CSIRO",
Grubb_1996,Metcalfe,Daniel,0000-0001-6853-7072,"CSIRO Land and Water, Australia",contact
Grubb_1996,Grubb,Peter,,"Cambridge University, United Kingdom",
Grubb_2008,Grubb,Peter,,"Cambridge University, United Kingdom",contact
Guilherme_Pereira_2018,Guilherme Pereira,Caio,0000-0003-3288-8553,"Department of Civil and Environmental Engineering, Massachusetts Institute of Technology, USA",contact
Guilherme_Pereira_2018,Lambers,Hans,0000-0002-4118-2272,"University of Western Australia, Australia",
Guilherme_Pereira_2019,Guilherme Pereira,Caio,0000-0003-3288-8553,"Department of Civil and Environmental Engineering, Massachusetts Institute of Technology, USA",contact
Guilherme_Pereira_2019,Hayes,Patrick,0000-0001-7554-4588,"University of Western Australia, Australia",
Guilherme_Pereira_2019,Lambers,Hans,0000-0002-4118-2272,"University of Western Australia, Australia",
Guilherme_Pereira_2019,O'Sullivan,Odhran S.,0000-0002-1448-1066,"Leistershire County Council, Leicester, United Kingdom",
Guilherme_Pereira_2019,Weerasinghe,Lasantha K.,0000-0002-5173-8000,"Faculty of Agriculture, University of Peradeniya, Peradeniya 20400, Sri Lanka",
Guilherme_Pereira_2019,Atkin,Owen,0000-0003-1041-5202,"The Australian National University, Australia",
Hall_1981,Hall,TJ,,"CSIRO, Australia",
Hanley_2001,Hanley,Mick,0000-0002-3966-8919,"Curtin University, Australia",
Hanley_2002,Hanley,Mick,0000-0002-3966-8919,"Curtin University, Australia",
Harrison_2009,Harrison,Matthew Tom,0000-0001-7425-452X,"Tasmanian Institute of Agriculture, University of Tasmania, Australia",contact
Harrison_2009,Evans,John,0000-0003-1379-3532,"The Australian National University, Australia",
Harvey_2017,Gosper,Carl,0000-0002-0962-5117,"Biodiversity and Conservation Science, Department of Biodiversity, Conservation and Attractions, WA, Australia",contact
Harvey_2017,Harvey,Judith,,"Biodiversity and Conservation Science, Department of Biodiversity, Conservation and Attractions, WA, Australia",
Hassiotou_2009,Hassiotou,Foteini,,unknown,
Hassiotou_2009,Veneklaas,Erik,0000-0002-7030-4056,"University of Western Australia, Australia",
Hayes_2014,Hayes,Patrick,0000-0001-7554-4588,"University of Western Australia, Australia",contact
Hayes_2014,Lambers,Hans,0000-0002-4118-2272,"University of Western Australia, Australia",
Hayes_2014,Laliberté,Etienne,0000-0002-3167-2622,"Institut de recherche en biologie végétale, Université de Montréal, 4101 Sherbrooke Est, Montréal, Canada H1X 2B2",
Hayes_2018,Hayes,Patrick,0000-0001-7554-4588,"University of Western Australia, Australia",contact
Hayes_2018,Clode,Peta,0000-0002-5188-4737,"University of Western Australia, Australia",
Hayes_2018,Lambers,Hans,0000-0002-4118-2272,"University of Western Australia, Australia",
He_2011,He,Tianhua,0000-0002-0924-3637,"Curtin University, Australia",contact
He_2011,Lamont,Byron,0000-0001-9279-7149,"Curtin University, Australia",
Henery_2001,Henery,Martin,,"Parks Australia, Department of Agriculture, Water and the Environment, Australia",contact
Henery_2001,Westoby,Mark,0000-0001-7690-4530,"Department of Biological Sciences, Macquarie University, Australia",
Hocking_1982,Hocking,Peter,,"Murdoch University, Australia",
Hocking_1986,Hocking,Peter,,"Murdoch University, Australia",
Huang_2015,Huang,Guomin,0000-0002-7597-9386,"Nanchang Institute of Technology, Nanchang, China",
Huang_2015,Tissue,David,0000-0002-8497-2047,"Hawkesbury Institute for the Environment, Western Sydney University, Australia",contact
Huang_2015,Smith,Renee,,"Hawkesbury Institute for the Environment, Western Sydney University, Australia",
Hughes_1992,Hughes,Lesley,0000-0003-0313-9780,"Department of Biological Sciences, Macquarie University, Australia",
Hughes_1992,Rice,Barbara,,"Department of Biological Sciences, Macquarie University, Australia",
Hughes_1992,Westoby,Mark,0000-0001-7690-4530,"Department of Biological Sciences, Macquarie University, Australia",contact
Hughes_2005,Hughes,Kate,,unknown,
Hughes_2005,Westoby,Mark,0000-0001-7690-4530,"Department of Biological Sciences, Macquarie University, Australia",
Hutton_1994,Hutton,B.J.,unknown,"Kings Park and Botanic Garden, Perth, WA",
Hyland_2003,Gallagher,Rachael,0000-0002-4680-8115,"Hawkesbury Institute for the Environment, Western Sydney University, Australia",contact
Ilic_2000,Ilic,Jugoslav,0000-0001-5692-5596,"University of Melbourne, Australia",contact
Islam_1999_1,Islam,Muhammad,,unknown,
Islam_1999_1,Adams,Mark,0000-0002-8154-0097,"Swinburne University of Technology, Australia",contact
Islam_1999_2,Islam,Muhammad,,unknown,
Islam_1999_2,Adams,Mark,0000-0002-8154-0097,"Swinburne University of Technology, Australia",contact
Jagdish_2020,Jagdish,Ashika,,"Evolution & Ecology Research Centre, School of Biological, Earth, and Environmental Sciences, UNSW Sydney, Australia",contact
Jagdish_2020,Moles,Angela,0000-0003-2041-7762,"Evolution & Ecology Research Centre, School of Biological, Earth, and Environmental Sciences, UNSW Sydney, Australia",
Jin_2019,Jin,Daniel,0000-0001-7492-9830,"School of Life and Environmental Sciences, The University of Sydney, Australia",contact
Jin_2019,Hochuli,Dieter,0000-0002-6673-4475,"School of Life and Environmental Sciences, The University of Sydney, Australia",
Jordan_2001,Jordan,Gregory,0000-0002-6033-2766,"University of Tasmania, Australia",contact
Jordan_2007,Jordan,Gregory,0000-0002-6033-2766,"University of Tasmania, Australia",contact
Jordan_2015,Jordan,Gregory,0000-0002-6033-2766,"University of Tasmania, Australia",contact
Jordan_2015,Price,Aina,,"University of Tasmania, Australia",
Jordan_2020,Jordan,Gregory,0000-0002-6033-2766,"University of Tasmania, Australia",contact
Jordan_2020,Carpenter,Raymond,0000-0001-7129-2870,"University of Adelaide, Australia",
Jurado_1991,Jurado,Enrique,0000-0002-4043-5549,"Universidad Autonoma de Nuevo Leon, Mexico",contact
Jurado_1991,Westoby,Mark,0000-0001-7690-4530,"Department of Biological Sciences, Macquarie University, Australia",
Jurado_1992,Jurado,Enrique,0000-0002-4043-5549,"Universidad Autonoma de Nuevo Leon, Mexico",contact
Jurado_1992,Nelson,Des,,"CSIRO, Australia",
Kanowski_2000,Kanowski,John,,"Australian Wildlife Conservancy, Australia",contact
Keighery_2004,Keighery,Greg,0000-0001-5226-0363,"Department of Biodiversity, Conservation and Attractions, WA, Australia",
Kew_2019_1,Liu,Udayangani,0000-0002-6192-1319,"Royal Botanic Gardens, Kew, United Kingdom",contact
Kew_2019_2,Liu,Udayangani,0000-0002-6192-1319,"Royal Botanic Gardens, Kew, United Kingdom",contact
Kew_2019_3,Liu,Udayangani,0000-0002-6192-1319,"Royal Botanic Gardens, Kew, United Kingdom",contact
Kew_2019_4,Liu,Udayangani,0000-0002-6192-1319,"Royal Botanic Gardens, Kew, United Kingdom",contact
Kew_2019_5,Liu,Udayangani,0000-0002-6192-1319,"Royal Botanic Gardens, Kew, United Kingdom",contact
Kew_2019_6,Liu,Udayangani,0000-0002-6192-1319,"Royal Botanic Gardens, Kew, United Kingdom",contact
Kirkpatrick_2020,Kirkpatrick,James,0000-0003-2763-2692,"University of Tasmania, Australia",contact
Knox_2011,Knox,Kirsten,,unknown,
Knox_2011,Clarke,Peter,,"University of New England, Australia",
Kocacinar_2003,Kocacinar,Ferit,0000-0003-0890-6117,"Kahramanmaras Sütcü Imam University, Turkey",
Kooyman_2011,Kooyman,Robert,0000-0003-1985-9547,"Department of Biological Sciences, Macquarie University, Australia",contact
Kotowska_2020,Kotowska,Martyna,0000-0002-2283-5979,"Department of Plant Ecology and Ecosystems Research, University of Goettingen, Germany",contact
Kotowska_2020,Wright,Ian,0000-0001-8338-9143,"Hawkesbury Institute for the Environment, Western Sydney University, Australia",
Kotowska_2020,Westoby,Mark,0000-0001-7690-4530,"Department of Biological Sciences, Macquarie University, Australia",
Kubiak_2009,Kubiak,P. J.,,,
Kuo_1982,Kuo,John,,"University of Western Australia, Australia",
Laliberte_2012,Laliberté,Etienne,0000-0002-3167-2622,"Institut de recherche en biologie végétale, Université de Montréal, 4101 Sherbrooke Est, Montréal, Canada H1X 2B2",contact
Laliberte_2012,Lambers,Hans,0000-0002-4118-2272,"University of Western Australia, Australia",
Lamont_2002,Lamont,Byron,0000-0001-9279-7149,"Curtin University, Australia",contact
Lamont_2002,Groom,Philip K,,"Curtin University, Australia",
Lawes_2012,Lawes,Michael,0000-0002-2381-6147,unknown,contact
Lawes_2014,Lawes,Michael,0000-0002-2381-6147,unknown,
Lawson_2015,Lawson,James,0000-0001-7983-4443,"NSW Department of Primary Industries, Australia",contact
Lawson_2015,Leishman,Michelle,0000-0003-4830-5797,"Department of Biological Sciences, Macquarie University, Australia",
Laxton_2005,Laxton,Emma,,unknown,
Laxton_2005,Hughes,Lesley,0000-0003-0313-9780,"Department of Biological Sciences, Macquarie University, Australia",
Lee_2019,Oberle,Brad,0000-0002-4227-3352,"Division of Natural Sciences, New College of Florida, USA",
Lee_2019,Zanne,Amy,0000-0001-6379-9452,"Department of Biology, University of Miami, Coral Gables, Florida 33146, USA",
Lee_2019,Powell,Jeff R.,0000-0003-1091-2452,"Hawkesbury Institute for the Environment, Western Sydney University, Australia",contact
Leigh_2003,Leigh,Andrea,0000-0003-3568-2606,"University of Technology Sydney, Australia",contact
Leigh_2003,Nicotra,Adrienne,0000-0001-6578-369X,"The Australian National University, Australia",
Leigh_2006,Leigh,Andrea,0000-0003-3568-2606,"University of Technology Sydney, Australia",contact
Leigh_2006,Nicotra,Adrienne,0000-0001-6578-369X,"The Australian National University, Australia",
Leigh_2006,Cosgrove,Meredith,,"The Australian National University, Australia",
Leishman_1992,Leishman,Michelle,0000-0003-4830-5797,"Department of Biological Sciences, Macquarie University, Australia",contact
Leishman_1992,Westoby,Mark,0000-0001-7690-4530,"Department of Biological Sciences, Macquarie University, Australia",
Leishman_1993,Leishman,Michelle,0000-0003-4830-5797,"Department of Biological Sciences, Macquarie University, Australia",contact
Leishman_1993,Westoby,Mark,0000-0001-7690-4530,"Department of Biological Sciences, Macquarie University, Australia",
Leishman_1993,Rice,Barbara,,"Department of Biological Sciences, Macquarie University, Australia",
Leishman_1993,Howell,Jocelyn,,"Berowa NSW, Australia",
Leishman_1995,Leishman,Michelle,0000-0003-4830-5797,"Department of Biological Sciences, Macquarie University, Australia",contact
Leishman_1995,Westoby,Mark,0000-0001-7690-4530,"Department of Biological Sciences, Macquarie University, Australia",
Leishman_1995,Rice,Barbara,,"Department of Biological Sciences, Macquarie University, Australia",
Leishman_1995,Howell,Jocelyn,,"Berowa NSW, Australia",
Leishman_2007,Leishman,Michelle,0000-0003-4830-5797,"Department of Biological Sciences, Macquarie University, Australia",contact
Lemmens_1994,Zanne,Amy,0000-0001-6379-9452,"Department of Biology, University of Miami, Coral Gables, Florida 33146, USA",contact
Lewis_2015,Lewis,James,0000-0002-7347-9513,"Fordham University, New York City, NY, USA",
Lewis_2015,Tissue,David,0000-0002-8497-2047,"Hawkesbury Institute for the Environment, Western Sydney University, Australia",contact
Lewis_2015,Smith,Renee,,"Hawkesbury Institute for the Environment, Western Sydney University, Australia",
Lewis_2015,Frith,Allison,,"The University of Sydney, Australia",
Li_2018,Li,Ximeng,0000-0002-7816-5441,"College of Life and Environmental Science, Minzu University of China, Beijing, China",
Li_2018,Blackman,Chris,0000-0002-7057-956X,"University of Tasmania, Australia",
Li_2019,Li,Ximeng,0000-0002-7816-5441,"College of Life and Environmental Science, Minzu University of China, Beijing, China",
Li_2019,Blackman,Chris,0000-0002-7057-956X,"University of Tasmania, Australia",
Lim_2017,Lim,Felix,0000-0003-1227-460X,"University of Melbourne, Australia",contact
Lim_2017,Vesk,Peter,0000-0003-2008-7062,"University of Melbourne, Australia",
Lim_2017,Pollock,Laura,0000-0002-6004-4027,"Department of Biology, McGill University, Montréal, Canada",
Liu_2023,Liu,Shu Tong,0000-0002-5346-1711,"University of Western Australia, Australia",contact
Liu_2023,Finnegan,Patrick,0000-0001-5021-1138,"University of Western Australia, Australia",
Liu_2023,Lambers,Hans,0000-0002-4118-2272,"University of Western Australia, Australia",
Liu_2023,Ranathunge,Kosala,0000-0003-2826-9936,"University of Western Australia, Australia",
Lord_1997,Lord,Janice,0000-0001-8314-0428,"University of Otago, Dunedin, New Zealand",contact
Lord_1997,Westoby,Mark,0000-0001-7690-4530,"Department of Biological Sciences, Macquarie University, Australia",
Lunt_2012,Lunt,Ian,0000-0002-2059-899X,"Charles Sturt University, Australia",contact
Lunt_2012,Morgan,John,0000-0003-2003-5983,"La Trobe University, Australia",
Lusk_2010,Lusk,Christopher,0000-0002-9037-7957,"Environmental Research Institute, University of Waikato, New Zealand",contact
Lusk_2012,Lusk,Christopher,0000-0002-9037-7957,"Environmental Research Institute, University of Waikato, New Zealand",contact
Lusk_2014,Lusk,Christopher,0000-0002-9037-7957,"Environmental Research Institute, University of Waikato, New Zealand",contact
MacinnisNg_2004,Macinnis-Ng,Cate,0000-0003-3935-9814,"University of Auckland, New Zealand",contact
MacinnisNg_2004,Eamus,Derek,0000-0003-2765-8040,"University of Technology Sydney, Australia",
MacinnisNg_2016,Macinnis-Ng,Cate,0000-0003-3935-9814,"University of Auckland, New Zealand",contact
MacinnisNg_2016,Eamus,Derek,0000-0003-2765-8040,"University of Technology Sydney, Australia",
Manea_2011,Manea,Anthony,0000-0002-0956-4529,"Department of Biological Sciences, Macquarie University, Australia",
Manea_2011,Leishman,Michelle,0000-0003-4830-5797,"Department of Biological Sciences, Macquarie University, Australia",contact
Maslin_2012,Maslin,Bruce,0000-0002-3039-0973,"Department of Biological Sciences, Macquarie University, Australia",contact
Maslin_2012,Lepschi,Brendan,0000-0002-3281-2973,"Centre for Australian National Biodiversity Research (a joint venture between Parks Australia and CSIRO), Canberra, ACT, Australia",
McCarthy_2017,McCarthy,James,0000-0003-3060-1678,"Manaaki Whenua - Landcare Research, Lincoln 7640, New Zealand",contact
McCarthy_2017,Dwyer,John M.,0000-0001-7389-5528,"School of Biological Sciences, The University of Queensland, Australia",
McCarthy_2017,Mokany,Karel,0000-0003-4199-3697,"CSIRO Land and Water, Australia",
McGlone_2015,Jordan,Gregory,0000-0002-6033-2766,"University of Tasmania, Australia",contact
Meers_2007,Meers,Trevor,,"Cumberland Ecology, Australia",contact
Meers_2007,Kasel,Sabine,0000-0001-8188-1089,"University of Melbourne, Australia",
Mesaglio_2022,Mesaglio,Thomas,0000-0002-1096-6066,University of New South Wales,contact
Metcalfe_2009,Metcalfe,Daniel,0000-0001-6853-7072,"CSIRO Land and Water, Australia",contact
Metcalfe_2020_1,Metcalfe,Daniel,0000-0001-6853-7072,"CSIRO Land and Water, Australia",contact
Metcalfe_2020_2,Metcalfe,Daniel,0000-0001-6853-7072,"CSIRO Land and Water, Australia",contact
Milberg_1997,Milberg,Per,0000-0001-6128-1051,"Linkoping University, Sweden",
Milberg_1997,Lamont,Byron,0000-0001-9279-7149,"Curtin University, Australia",contact
Milberg_1998,Milberg,Per,0000-0001-6128-1051,"Linkoping University, Sweden",
Milberg_1998,Lamont,Byron,0000-0001-9279-7149,"Curtin University, Australia",contact
Mitchell_2008,Mitchell,Patrick J.,0000-0002-5016-7031,"CSIRO Land and Water, Sandy Bay, Tasmania",
Mokany_2008,Mokany,Karel,0000-0003-4199-3697,"CSIRO Land and Water, Australia",contact
Mokany_2008,Ash,Julian,,"The Australian National University, Australia",
Mokany_2015,Mokany,Karel,0000-0003-4199-3697,"CSIRO Land and Water, Australia",contact
Moles_2000,Moles,Angela,0000-0003-2041-7762,"Evolution & Ecology Research Centre, School of Biological, Earth, and Environmental Sciences, UNSW Sydney, Australia",contact
Moles_2000,Westoby,Mark,0000-0001-7690-4530,"Department of Biological Sciences, Macquarie University, Australia",
Moles_2003,Moles,Angela,0000-0003-2041-7762,"Evolution & Ecology Research Centre, School of Biological, Earth, and Environmental Sciences, UNSW Sydney, Australia",contact
Moles_2003,Westoby,Mark,0000-0001-7690-4530,"Department of Biological Sciences, Macquarie University, Australia",
Moles_2011,Moles,Angela,0000-0003-2041-7762,"Evolution & Ecology Research Centre, School of Biological, Earth, and Environmental Sciences, UNSW Sydney, Australia",contact
Moore_2019,Moore,Ben D.,0000-0002-6995-4721,"Hawkesbury Institute for the Environment, Western Sydney University, Australia",contact
Moore_2019,DeGabriel,Jane L.,0000-0003-1245-5291,"School of Marine and Tropical Biology, James Cook University, Australia",
Moore_2019_2,Moore,Nicholas,0000-0002-9087-7580,"La Trobe University, Australia",contact
Moore_2019_2,Morgan,John,0000-0003-2003-5983,"La Trobe University, Australia",
Moore_2019_2,Camac,James,0000-0003-4785-0742,"Centre of Excellence for Biosecurity Risk Analysis, The University of Melbourne, Australia",
Morgan_2005,Morgan,Huw,,unknown,
Morgan_2005,Westoby,Mark,0000-0001-7690-4530,"Department of Biological Sciences, Macquarie University, Australia",
Morgan_2011_1,Morgan,John,0000-0003-2003-5983,"La Trobe University, Australia",contact
Morgan_2011_2,Morgan,John,0000-0003-2003-5983,"La Trobe University, Australia",contact
Morgan_2014,Morgan,John,0000-0003-2003-5983,"La Trobe University, Australia",contact
Morgan_2021,Morgan,Rhys,,"School of Biological Sciences, The University of Adelaide, Australia",
Morgan_2021,Martín-Forés,Irene,0000-0003-3627-0347,"School of Biological Sciences, The University of Adelaide, Australia",
Morgan_2021,Leitch,Emrys,0000-0003-3857-5697,"School of Biological Sciences, The University of Adelaide, Australia",
Morgan_2021,Guerin,Greg,0000-0002-2104-6695,"School of Biological Sciences, The University of Adelaide, Australia",contact
Mott_1978,Mott,J.J.,unknown,"Division of Tropical Crops and Pastures, CSIRO, Cunningham Laboratory, Mill Road, St. Lucia, Qld",
Muir_2014,Muir,Annette,0000-0001-9383-6613,"Department of Environment, Land, Water and Planning, Victoria, Australia",contact
Muir_2014,Vesk,Peter,0000-0003-2008-7062,"University of Melbourne, Australia",
Munroe_2019,Munroe,Samantha,0000-0001-7827-1028,"Terrestrial Ecosystem Research Network, The School of Biological Sciences, The University of Adelaide, Adelaide, SA, 5005, Australia",contact
Munroe_2019,Guerin,Greg,0000-0002-2104-6695,"Terrestrial Ecosystem Research Network, The School of Biological Sciences, The University of Adelaide, Adelaide, SA, 5005, Australia",
Munroe_2019,Sparrow,Ben,0000-0003-2566-1895,"Terrestrial Ecosystem Research Network, The School of Biological Sciences, The University of Adelaide, Adelaide, SA, 5005, Australia",
Myers_1997,Myers,Bronwyn,0000-0003-2309-0945,Charles Darwin University,
Myers_1997,Duff,Gordon,,"Cooperative Research Centre for Tropical Savannas, Northern Territory University, Australia",
Nano_2011,Nano,Catherine,0000-0002-1556-8307,"Flora and Fauna Division, Department of Environment, Parks and Water Security, Northern Territory Government, Alice Springs, NT, Australia",
NHNSW_2014,Duretto,Marco,0000-0003-1013-4291,"National Herbarium of New South Wales, Australian Institute of Botanical Science, Royal Botanic Gardens and Domain Trust, Sydney, Australia",
NHNSW_2014_2,Duretto,Marco,0000-0003-1013-4291,"National Herbarium of New South Wales, Australian Institute of Botanical Science, Royal Botanic Gardens and Domain Trust, Sydney, Australia",
NHNSW_2016,Duretto,Marco,0000-0003-1013-4291,"National Herbarium of New South Wales, Australian Institute of Botanical Science, Royal Botanic Gardens and Domain Trust, Sydney, Australia",
NHNSW_2022,Duretto,Marco,0000-0003-1013-4291,"National Herbarium of New South Wales, Australian Institute of Botanical Science, Royal Botanic Gardens and Domain Trust, Sydney, Australia",
NHNSW_2022,Coleman,David,0000-0002-1773-6597,"Evolution & Ecology Research Centre, School of Biological, Earth, and Environmental Sciences, UNSW Sydney, Australia",
NHNSW_2023,Duretto,Marco,0000-0003-1013-4291,"National Herbarium of New South Wales, Australian Institute of Botanical Science, Royal Botanic Gardens and Domain Trust, Sydney, Australia",
NHNSW_2023,Coleman,David,0000-0002-1773-6597,"Evolution & Ecology Research Centre, School of Biological, Earth, and Environmental Sciences, UNSW Sydney, Australia",
NHNSW_2024,Duretto,Marco,0000-0003-1013-4291,"National Herbarium of New South Wales, Australian Institute of Botanical Science, Royal Botanic Gardens and Domain Trust, Sydney, Australia",
NHNSW_2024,Coleman,David,0000-0002-1773-6597,"Evolution & Ecology Research Centre, School of Biological, Earth, and Environmental Sciences, UNSW Sydney, Australia",
Nicholson_2017,Nicholson,Áine,,"University of Tasmania, Australia",
Nicholson_2017,Prior,Lynda,0000-0002-5511-2320,"University of Tasmania, Australia",contact
Nicholson_2017,Bowman,David,0000-0001-8075-124X,"University of Tasmania, Australia",
Nicolle_2006,Nicolle,Dean,,"Currency Creek Arboretum, Australia",
Nicolle_2006,Gosper,Carl,0000-0002-0962-5117,"Biodiversity and Conservation Science, Department of Biodiversity, Conservation and Attractions, WA, Australia",contact
Nicolle_2006,Yates,Colin,0000-0003-2286-8700,"Biodiversity and Conservation Science, Department of Biodiversity, Conservation and Attractions, WA, Australia",
Niinemets_2009,Wright,Ian,0000-0001-8338-9143,"Hawkesbury Institute for the Environment, Western Sydney University, Australia",contact
Niinemets_2009,Niinemets,Ülo,0000-0002-3078-2192,"Estonian University of Life Sciences, Estonia",
Niinemets_2009,Westoby,Mark,0000-0001-7690-4530,"Department of Biological Sciences, Macquarie University, Australia",
Nolan_2022,Nolan,Rachael,0000-0001-9277-5142,"Hawkesbury Institute for the Environment, Western Sydney University, Australia",contact
Nolan_2022,Boer,Matthias M.,0000-0001-6362-4572,"Hawkesbury Institute for the Environment, Western Sydney University, Australia",
NSWFRD_2014,Tasker,Elizabeth,0000-0002-2607-7183,"NSW Department of Planning Industry and Environment, Australia",contact
NSWFRD_2014,Kenny,Belinda,,"NSW Rural Fire Service, Australia",
NSWFRD_2014,Bradstock,Ross,0000-0002-6904-2394,University of Wollongong,
NSWFRD_2014,Gill,Malcolm,,"The Australian National University, Australia",
NTH_2014,Cowie,Ian,0000-0001-5295-9596,"Northern Territory Herbarium, Australia",
NTH_2022,Coleman,David,0000-0002-1773-6597,"Evolution & Ecology Research Centre, School of Biological, Earth, and Environmental Sciences, UNSW Sydney, Australia",contact
NTH_2023,Coleman,David,0000-0002-1773-6597,"Evolution & Ecology Research Centre, School of Biological, Earth, and Environmental Sciences, UNSW Sydney, Australia",contact
Onoda_2010,Onoda,Yusuke,0000-0001-6245-2342,"Graduate School of Agriculture, Kyoto University, Japan",contact
Onoda_2010,Richards,Anna,0000-0002-2934-5497,"CSIRO Land and Water, Australia",
Onoda_2010,Westoby,Mark,0000-0001-7690-4530,"Department of Biological Sciences, Macquarie University, Australia",
Ooi_2007,Ooi,Mark,0000-0002-3046-0417,"Centre for Ecosystem Science, School of Biological, Earth, and Environmental Sciences, UNSW Sydney, Australia",contact
Ooi_2007,Myerscough,Peter,,"School of Life and Environmental Sciences, The University of Sydney, Australia",
Ooi_2007,Auld,Tony,0000-0002-8766-2829,"NSW Department of Planning Industry and Environment, Australia",
Ooi_2018,Ooi,Mark,0000-0002-3046-0417,"Centre for Ecosystem Science, School of Biological, Earth, and Environmental Sciences, UNSW Sydney, Australia",contact
OReillyNugent_2018,O'Reilly-Nugent,Andrew,0000-0003-2071-6279,"Institute for Applied Ecology, University of Canberra, ACT 2617, Australia",contact
OReillyNugent_2018,Duncan,Richard P.,0000-0003-2295-449X,"Institute for Applied Ecology, University of Canberra, ACT 2617, Australia",
Osborne_2014,Osborne,Colin P.,0000-0002-7423-3718,"University of Sheffield, Department of Animal and Plant Sciences, United Kingdom",contact
Pate_1989,Pate,John,,"School of Plant Biology, The University of Western Australia, Australia",
Pate_1990,Pate,John,,"School of Plant Biology, The University of Western Australia, Australia",
Pate_1998,Pate,John,unkown,"Department of Botany, The University of Western Australia, Nedlands",
Peeters_2002,Peeters,Paula,,unknown,
Pekin_2011,Pekin,Burak,0000-0002-4797-6962,"Istanbul Technical University, Eurasia Institute of Earth Sciences, Istanbul, Turkey",contact
Pfautsch_2016,Pfautsch,Sebastian,0000-0002-4390-4195,"Hawkesbury Institute for the Environment, Western Sydney University",contact
Pickering_2014,Pickering,Catherine,0000-0002-3731-5407,"School of Environment and Science, Griffith University, Australia",
Pickering_2014,Morgan,John,0000-0003-2003-5983,"La Trobe University, Australia",
Pickering_2014,Venn,Susanna,0000-0002-7433-0120,"Centre for Integrative Ecology, School of Life and Environmental Sciences, Deakin University, Burwood, Australia",contact
Pickup_2002,Wright,Ian,0000-0001-8338-9143,"Hawkesbury Institute for the Environment, Western Sydney University, Australia",
Pickup_2002,Pickup,Melinda,0000-0001-6118-0541,"Greening Australia, Australia",contact
Pickup_2005,Wright,Ian,0000-0001-8338-9143,"Hawkesbury Institute for the Environment, Western Sydney University, Australia",
Pickup_2005,Pickup,Melinda,0000-0001-6118-0541,"Greening Australia, Australia",contact
Pickup_2021,Pickup,Melinda,0000-0001-6118-0541,"Greening Australia, Australia",contact
Pinkard_2011,Pinkard,Elizabeth,unknown,CSIRO Ecosystem Sciences and Sustainable Agriculture Flagship,
Pirralho_2014,Pirralho,Marília,0000-0003-3748-0186,"Universidade Federal de Itajubá, Itajuba, Brazil",contact
Pollock_2012,Pollock,Laura,0000-0002-6004-4027,"Department of Biology, McGill University, Montréal, Canada",
Pollock_2012,Morris,William,0000-0002-8686-4154,"University of Melbourne, Australia",contact
Pollock_2012,Vesk,Peter,0000-0003-2008-7062,"University of Melbourne, Australia",
Pollock_2018,Pollock,Laura,0000-0002-6004-4027,"Department of Biology, McGill University, Montréal, Canada",
Pollock_2018,Morris,William,0000-0002-8686-4154,"University of Melbourne, Australia",contact
Pollock_2018,Vesk,Peter,0000-0003-2008-7062,"University of Melbourne, Australia",
Portelli_2023,Vesk,Peter,0000-0003-2008-7062,"University of Melbourne, Australia",contact
Portelli_2023,Windecker,Saras,0000-0002-4870-8353,"University of Melbourne, Australia",
Portelli_2023,Portelli,Antoinette,0000-0002-3876-5530,"University of Melbourne, Australia",
Portelli_2023,Neal,Will,,"University of Melbourne, Australia",
Portelli_2023,Morris,William,0000-0002-8686-4154,"University of Melbourne, Australia",
Portelli_2023,Khot,Rohan,,"University of Melbourne, Australia",
Prior_2000,Prior,Lynda,0000-0002-5511-2320,"University of Tasmania, Australia",
Prior_2003,Prior,Lynda,0000-0002-5511-2320,"University of Tasmania, Australia",contact
Prior_2003,Bowman,David,0000-0001-8075-124X,"University of Tasmania, Australia",
Prior_2016,Prior,Lynda,0000-0002-5511-2320,"University of Tasmania, Australia",contact
Prior_2016,Bowman,David,0000-0001-8075-124X,"University of Tasmania, Australia",
Prior_2022,Prior,Lynda,0000-0002-5511-2320,"University of Tasmania, Australia",
Prior_2022,Wood,Sam,,"University of Tasmania, Australia",contact
Purdie_1976,Purdie,Rosemary,,unknown,
RadfordSmith_2024,Radford-Smith,Julian,0000-0001-6949-9469,"School of Biological Sciences, The University of Queensland, Australia",contact
RadfordSmith_2024,Dwyer,John M.,0000-0001-7389-5528,"School of Biological Sciences, The University of Queensland, Australia",
RadfordSmith_2024,Cathcart-Van Weeren,Ella,0009-0004-2209-114X,"School of Biological Sciences, The University of Queensland, Australia",
RadfordSmith_2024,Brown,Alison,unknown,"School of Biological Sciences, The University of Queensland, Australia",
RBGK_2014,Liu,Udayangani,0000-0002-6192-1319,"Royal Botanic Gardens, Kew, United Kingdom",contact
RBGV_2022,Robinson,Alastair,0000-0001-8581-2718,Royal Botanic Gardens Victoria,contact
RBGV_2022,Walsh,Neville,0000-0003-4671-1425,Royal Botanic Gardens Victoria,
RBGV_2022,Messina,Andre,,Royal Botanic Gardens Victoria,
RBGV_2022,Stajsic,Val,,Royal Botanic Gardens Victoria,
RBGV_2022,Ohlsen,Daniel,0000-0002-8030-7349,Royal Botanic Gardens Victoria,
RBGV_2022,Klazenga,Niels,0000-0003-2224-6821,Royal Botanic Gardens Victoria,
RBGV_2022,Coleman,David,0000-0002-1773-6597,"Evolution & Ecology Research Centre, School of Biological, Earth, and Environmental Sciences, UNSW Sydney, Australia",
RBGV_2023,Robinson,Alastair,0000-0001-8581-2718,Royal Botanic Gardens Victoria,contact
RBGV_2023,Walsh,Neville,0000-0003-4671-1425,Royal Botanic Gardens Victoria,
RBGV_2023,Messina,Andre,,Royal Botanic Gardens Victoria,
RBGV_2023,Stajsic,Val,,Royal Botanic Gardens Victoria,
RBGV_2023,Ohlsen,Daniel,0000-0002-8030-7349,Royal Botanic Gardens Victoria,
RBGV_2023,Klazenga,Niels,0000-0003-2224-6821,Royal Botanic Gardens Victoria,
RBGV_2023,Coleman,David,0000-0002-1773-6597,"Evolution & Ecology Research Centre, School of Biological, Earth, and Environmental Sciences, UNSW Sydney, Australia",
Read_2003,Read,Jennifer,0000-0002-4727-3482,"School of Biological Sciences, Monash University, Australia",contact
Read_2003,Sanson,Gordon,,"School of Biological Sciences, Monash University, Australia",
Read_2005,Read,Jennifer,0000-0002-4727-3482,"School of Biological Sciences, Monash University, Australia",contact
Read_2005,Sanson,Gordon,,"School of Biological Sciences, Monash University, Australia",
Read_2005,Lamont,Byron,0000-0001-9279-7149,"Curtin University, Australia",
Reynolds_2018,Reynolds,Victoria,0000-0002-6071-9303,"School of Biological Sciences, The University of Queensland, Australia",
Reynolds_2018,Mayfield,Margaret,0000-0002-5101-6542,"School of Biological Sciences, The University of Queensland, Australia",contact
Rice_1991,Rice,Barbara,,"Department of Biological Sciences, Macquarie University, Australia",
Rice_1991,Westoby,Mark,0000-0001-7690-4530,"Department of Biological Sciences, Macquarie University, Australia",contact
Richards_2003,Richards,Anna,0000-0002-2934-5497,"CSIRO Land and Water, Australia",contact
Richards_2003,Schmidt,Susanne,0000-0001-8369-1238,"School of Agriculture and Food Science, The University of Queensland, Australia",
Richards_2008,Richards,Anna,0000-0002-2934-5497,"CSIRO Land and Water, Australia",contact
Richards_2021,Richards,Jeannine,0000-0002-1736-2126,"Nelson Institute for Environmental Studies, University of Wisconsin-Madison, Madison, WI, USA",
Roberts_2006,Roberts,Bryan,,"Department of Environment, Land, Water and Planning, Victoria, Australia",
Roberts_2006,Morgan,John,0000-0003-2003-5983,"La Trobe University, Australia",
Roderick_1999,Roderick,Michael,0000-0002-3630-7739,"The Australian National University, Australia",contact
Roderick_2002,Roderick,Michael,0000-0002-3630-7739,"The Australian National University, Australia",contact
Rosell_2014,Rosell,Julieta A.,0000-0001-5741-8027,"Laboratorio Nacional de Ciencias de la Sostenibilidad, Instituto de Ecología, Universidad Nacional Autónoma de México, Ciudad de México, Mexico",contact
Rosell_2014,Westoby,Mark,0000-0001-7690-4530,"Department of Biological Sciences, Macquarie University, Australia",
Rumman_2018,Rumman,Rizwana,0000-0002-8094-5631,WaterNSW,
RussellSmith_2012,Russell-Smith,Jeremy,0000-0003-1489-2866,"Research Institute of Environment and Livelihoods, Charles Darwin University, Casuarina, Darwin, NT, 0810, Australia",contact
Rye_2002,Rye,Barbara,0000-0003-1254-5940,"Western Australian Herbarium, Department of Biodiversity, Conservation and Attractions, Western Australia, Australia",contact
Rye_2006,Rye,Barbara,0000-0003-1254-5940,"Western Australian Herbarium, Department of Biodiversity, Conservation and Attractions, Western Australia, Australia",contact
Rye_2009_1,Rye,Barbara,0000-0003-1254-5940,"Western Australian Herbarium, Department of Biodiversity, Conservation and Attractions, Western Australia, Australia",contact
Rye_2009_2,Rye,Barbara,0000-0003-1254-5940,"Western Australian Herbarium, Department of Biodiversity, Conservation and Attractions, Western Australia, Australia",contact
Rye_2013_1,Rye,Barbara,0000-0003-1254-5940,"Western Australian Herbarium, Department of Biodiversity, Conservation and Attractions, Western Australia, Australia",contact
Rye_2013_2,Rye,Barbara,0000-0003-1254-5940,"Western Australian Herbarium, Department of Biodiversity, Conservation and Attractions, Western Australia, Australia",contact
Rye_2015,Rye,Barbara,0000-0003-1254-5940,"Western Australian Herbarium, Department of Biodiversity, Conservation and Attractions, Western Australia, Australia",contact
SAH_2014,Kellermann,Jürgen,0000-0001-9124-9802,"State Herbarium of South Australia, Botanic Gardens and State Herbarium, Hackney Road, Adelaide, SA 5000, Australia",
SAH_2022,Kellermann,Jürgen,0000-0001-9124-9802,"State Herbarium of South Australia, Botanic Gardens and State Herbarium, Hackney Road, Adelaide, SA 5000, Australia",
SAH_2022,Coleman,David,0000-0002-1773-6597,"Evolution & Ecology Research Centre, School of Biological, Earth, and Environmental Sciences, UNSW Sydney, Australia",contact
SAH_2023,Kellermann,Jürgen,0000-0001-9124-9802,"State Herbarium of South Australia, Botanic Gardens and State Herbarium, Hackney Road, Adelaide, SA 5000, Australia",
SAH_2023,Coleman,David,0000-0002-1773-6597,"Evolution & Ecology Research Centre, School of Biological, Earth, and Environmental Sciences, UNSW Sydney, Australia",contact
Sams_2017,Sams,Michael,0000-0003-3311-4891,"School of Biological Sciences, The University of Queensland, Australia",
Sams_2017,Mayfield,Margaret,0000-0002-5101-6542,"School of Biological Sciences, The University of Queensland, Australia",contact
Sams_2017,Lai,Hao Ran,0000-0001-6871-0146,"University of Canterbury, New Zealand",
Sams_2017,Metcalfe,Daniel,0000-0001-6853-7072,"CSIRO Land and Water, Australia",
Sams_2017,Kooyman,Robert,0000-0003-1985-9547,"Department of Biological Sciences, Macquarie University, Australia",
Santini_2012,Santini,Nadia S.,0000-0002-8319-8862,"Instituto de Ecología, Universidad Nacional Autónoma de México",
Santini_2012,Schmitz,Nele,,"Thünen Institut, Germany",contact
Santini_2013,Santini,Nadia S.,0000-0002-8319-8862,"Instituto de Ecología, Universidad Nacional Autónoma de México",contact
Santini_2016,Santini,Nadia S.,0000-0002-8319-8862,"Instituto de Ecología, Universidad Nacional Autónoma de México",contact
Santini_2016,Catherine,Lestrange,,"University of Technology, Sydney",
Schmidt_1993,Schmidt,Susanne,0000-0001-8369-1238,"School of Agriculture and Food Science, The University of Queensland, Australia",contact
Schmidt_1997,Schmidt,Susanne,0000-0001-8369-1238,"School of Agriculture and Food Science, The University of Queensland, Australia",contact
Schmidt_1997,Stewart,George,,"The University of Queensland, Australia",
Schmidt_2003,Schmidt,Susanne,0000-0001-8369-1238,"School of Agriculture and Food Science, The University of Queensland, Australia",contact
Schmidt_2003,Stewart,George,,"The University of Queensland, Australia",
Schmidt_2010,Schmidt,Susanne,0000-0001-8369-1238,"School of Agriculture and Food Science, The University of Queensland, Australia",contact
Schulze_1998,Schulze,Ernst-Detlef,0000-0001-6188-9219,"Max-Planck Institute for Biogeochemistry, Germany",contact
Schulze_1998,Brand,Willi A.,,"Max-Planck Institute for Biogeochemistry, Germany",
Schulze_2006,Schulze,Ernst-Detlef,0000-0001-6188-9219,"Max-Planck Institute for Biogeochemistry, Germany",contact
Schulze_2006,Turner,Neil C.,0000-0002-2982-0411,"University of Western Australia, Australia",
Schulze_2006,Nicolle,Dean,,"Currency Creek Arboretum, Australia",
Schulze_2006,Brand,Willi A.,,"Max-Planck Institute for Biogeochemistry, Germany",
Schulze_2006_2,Schulze,Ernst-Detlef,0000-0001-6188-9219,"Max-Planck Institute for Biogeochemistry, Germany",contact
Schulze_2006_2,Turner,Neil C.,0000-0002-2982-0411,"University of Western Australia, Australia",
Schulze_2006_2,Nicolle,Dean,,"Currency Creek Arboretum, Australia",
Schulze_2014,Schulze,Ernst-Detlef,0000-0001-6188-9219,"Max-Planck Institute for Biogeochemistry, Germany",contact
Scott_2010,Scott,Andrew John,,unknown,
Scott_2010,Morgan,John,0000-0003-2003-5983,"La Trobe University, Australia",
Searson_2004,Searson,Matthew J.,,"Centre for Horticulture and Plant Sciences, University of Western Sydney",no contact
Sendall_2016,Sendall,Kerrie,0000-0001-6175-0954,"Rider University, Lawrence Township, NJ, USA",
Sendall_2016,Lusk,Christopher,0000-0002-9037-7957,"Environmental Research Institute, University of Waikato, New Zealand",contact
Shedley_2007,Shedley,Erica Frances,unknown,"Winnijup Wildflowers Consultancy, Bridgetown, Western Australia",
Simpson_2021,Simpson,Kimberley,0000-0001-6673-227X,"Plants, Photosynthesis and Soil, School of Biosciences, University of Sheffield, Sheffield, UK",contact
SinghRamesh_2019,Singh Ramesh,Arun,0000-0002-9143-5514,"College of Science and Engineering, James Cook University, Cairns, QLD, Australia",contact
SinghRamesh_2019,Cheesman,Alexander W.,0000-0003-3931-5766,"College of Science and Engineering, James Cook University, Cairns, QLD, Australia",
SinghRamesh_2019,Cernusak,Lucas,0000-0002-7575-5526,"College of Science and Engineering, James Cook University, Cairns, QLD, Australia",
SinghRamesh_2023,Singh Ramesh,Arun,0000-0002-9143-5514,"College of Science and Engineering, James Cook University, Cairns, QLD, Australia",contact
SinghRamesh_2023,Cernusak,Lucas,0000-0002-7575-5526,"College of Science and Engineering, James Cook University, Cairns, QLD, Australia",
Sjostrom_2006,Gross,Caroline,0000-0001-8014-1548,"University of New England, Australia",contact
Sjostrom_2006,Sjöström,Anne,,unknown,
Smith_1996,Smith,Benjamin,0000-0002-6987-5337,"Hawkesbury Institute for the Environment, Western Sydney University, Australia",contact
Smith_1996,Wilson,J. Bastow,,"Botany Department, University of Otago, Dunedin, New Zealand",
Smith_2012,Smith,Renee,,"Hawkesbury Institute for the Environment, Western Sydney University, Australia",contact
Smith_2012,Tissue,David,0000-0002-8497-2047,"Hawkesbury Institute for the Environment, Western Sydney University, Australia",
SmithMartin_2020,Smith-Martin,Chris,0000-0002-6557-1432,"Department of Ecology, Evolution and Environmental Biology, Columbia University, New York, New York, USA",
SmithMartin_2020,Brodribb,Timothy,0000-0002-4964-6107,"University of Tasmania, Australia",
Soliveres_2012,Soliveres,Santiago,0000-0001-9661-7192,"Bern University, Switzerland",contact
Soper_2014,Soper,Fiona,0000-0002-9910-9377,"McGill University, Canada",
Soper_2014,Schmidt,Susanne,0000-0001-8369-1238,"School of Agriculture and Food Science, The University of Queensland, Australia",contact
SPRAT_2025_2,Wenk,Elizabeth,0000-0001-5640-5910,"Evolution & Ecology Research Centre, School of Biological, Earth, and Environmental Sciences, UNSW Sydney, Australia",
Standish_2019,Standish,Rachel,0000-0001-8118-1904,"Environmental and Conservation Sciences, Murdoch University, Australia",contact
Standish_2019,Daws,Matthew,0000-0002-9120-4724,"Environment Department, Alcoa of Australia, Huntly, Western Australia",
Staples_2019,Staples,Timothy,0000-0002-8550-2661,"School of Biological Sciences, The University of Queensland, Australia",contact
Staples_2019,Mayfield,Margaret,0000-0002-5101-6542,"School of Biological Sciences, The University of Queensland, Australia",
Staples_2019,Dwyer,John M.,0000-0001-7389-5528,"School of Biological Sciences, The University of Queensland, Australia",
Stephens_2021,Stephens,Ruby,0000-0002-3767-2690,"Department of Biological Sciences, Macquarie University, Australia",contact
Stephens_2021,Gallagher,Rachael,0000-0002-4680-8115,"Hawkesbury Institute for the Environment, Western Sydney University, Australia",
Stephens_2021,Sauquet,Hervé,0000-0001-8305-3236,"National Herbarium of New South Wales, Australian Institute of Botanical Science, Royal Botanic Gardens and Domain Trust, Sydney, Australia",
Stephens_2023,Stephens,Ruby,0000-0002-3767-2690,"Department of Biological Sciences, Macquarie University, Australia",contact
Stephens_2023,Lily,Dun,0000-0002-0712-5143,"Evolution & Ecology Research Centre, School of Biological, Earth, and Environmental Sciences, UNSW Sydney, Australia",
Stephens_2024,Stephens,Ruby,0000-0002-3767-2690,"School of Natural Sciences, Macquarie University, Australia",contact
Stewart_1995,Stewart,George,,"The University of Queensland, Australia",
Stewart_1995,Schmidt,Susanne,0000-0001-8369-1238,"School of Agriculture and Food Science, The University of Queensland, Australia",
Stuart_2007,Stuart,Stephanie,0000-0002-1645-8775,"NSW Department of Planning Industry and Environment, Australia",contact
Sweedman_2006,Sweedman,Luke,,"Western Australian Seed Centre, Botanic Garden and Parks Authority, Western Australia",
Sweedman_2006,Merritt,David,0000-0002-3250-6861,"Curtin University, Australia",
Sweedman_2006,Fryer,Roger,,"Western Australian Seed Centre, Botanic Garden and Parks Authority, Western Australia",
Taseski_2021,Taseski,Guy,0000-0003-2243-3408,"Evolution & Ecology Research Centre, School of Biological, Earth, and Environmental Sciences, UNSW Sydney, Australia",
Taseski_2021,Cornwell,William,0000-0003-4080-4073,"Evolution & Ecology Research Centre, School of Biological, Earth, and Environmental Sciences, UNSW Sydney, Australia",contact
Taylor_2008,Taylor,Daniel,,"University of Technology Sydney, Australia",
Taylor_2008,Eamus,Derek,0000-0003-2765-8040,"University of Technology Sydney, Australia",
Thomas_2017,Thomas,Freya,0000-0001-9926-6295,"University of Melbourne, Australia",contact
Thomas_2017,Vesk,Peter,0000-0003-2008-7062,"University of Melbourne, Australia",
Thompson_2001,Thompson,Ian,,"University of Melbourne, Australia",
TMAG_2009,Duretto,Marco,0000-0003-1013-4291,"National Herbarium of New South Wales, Australian Institute of Botanical Science, Royal Botanic Gardens and Domain Trust, Sydney, Australia",
TMAG_2009,de Salas,Miguel,0000-0002-7148-639X,"Tasmanian Herbarium, Australia",
Tng_2013,Tng,David Yue Phin Jeremiah-Seok,0000-0001-5135-0922,"Centre for Rainforest Studies, School for Field Studies, Yungaburra, Queensland 4872, Australia",contact
Tng_2013,Bowman,David,0000-0001-8075-124X,"University of Tasmania, Australia",
Tng_2013,Jordan,Gregory,0000-0002-6033-2766,"University of Tasmania, Australia",
Toelken_1996,Toelken,Hellmut R.,,"State Herbarium of South Australia, Australia",
Togashi_2015,Togashi,Henrique,,"Department of Biological Sciences, Macquarie University, Sydney",
Tolsma_2007,Tolsma,Arn,0000-0003-4528-2673,"Arthur Rylah Institute, Department of Environment, Land, Water and Planning, Heidelberg, Victoria, Australia",
Tomlinson_2013,Tomlinson,Kyle,0000-0003-3039-6766,"Xishuangbanna Tropical Botanic Garden, China",contact
Tomlinson_2019,Tomlinson,Kyle,0000-0003-3039-6766,"Xishuangbanna Tropical Botanic Garden, China",contact
Tomlinson_2019,van Langevelde,Frank,0000-0001-8870-0797,"Wildlife Ecology & Conservation Group, Wageningen University, The Netherlands",
Trudgen_2005,Trudgen,Malcolm,,"Western Australian Herbarium, Keiran McNamara Conservation Science Centre, Department of Biodiversity, Conservation and Attractions, Western Australia, Australia",
Trudgen_2005,Rye,Barbara,0000-0003-1254-5940,"Western Australian Herbarium, Department of Biodiversity, Conservation and Attractions, Western Australia, Australia",
Trudgen_2014,Trudgen,Malcolm,,"Western Australian Herbarium, Keiran McNamara Conservation Science Centre, Department of Biodiversity, Conservation and Attractions, Western Australia, Australia",
Trudgen_2014,Rye,Barbara,0000-0003-1254-5940,"Western Australian Herbarium, Department of Biodiversity, Conservation and Attractions, Western Australia, Australia",
Tsakalos_2020,Tsakalos,James,0000-0001-5067-196X,"School of Biosciences and Veterinary Medicine, Plant Diversity and Ecosystems Management Unit, University of Camerino, Camerino, MC, Italy",contact
Tsakalos_2022,Tsakalos,James,0000-0001-5067-196X,"School of Biosciences and Veterinary Medicine, Plant Diversity and Ecosystems Management Unit, University of Camerino, Camerino, MC, Italy",
Tsujii_2023,Tsujii,Yuki,0000-0003-3646-8142,"Department of Biological Sciences, Macquarie University, Australia",
Tsujii_2023,Wright,Ian,0000-0001-8338-9143,"Hawkesbury Institute for the Environment, Western Sydney University, Australia",
Tsujii_2023,Lambers,Hans,0000-0002-4118-2272,"University of Western Australia, Australia",
Tsujii_2023,Atwell,Brian,0000-0002-0466-1688,"Department of Biological Sciences, Macquarie University, Australia",
Tsujii_2023,Fan,Baoli,0000-0003-0918-4152,"College of Life Science, Northwest Normal University, Lanzhou, China",
Tsujii_2023,Lei,Zhangying,0009-0003-3583-5382,"Key Laboratory of Oasis Eco-agriculture, Xinjiang Production and Construction Corps, Shihezi University, Shihezi, China",
Turner_2010,Schulze,Ernst-Detlef,0000-0001-6188-9219,"Max-Planck Institute for Biogeochemistry, Germany",contact
Turner_2010,Turner,Neil C.,0000-0002-2982-0411,"University of Western Australia, Australia",
Turner_2010,Brand,Willi A.,,"Max-Planck Institute for Biogeochemistry, Germany",
vanderMoezel_1987,van der Moezel,Paul,,PGV Environmental,
Veneklaas_2003,Veneklaas,Erik,0000-0002-7030-4056,"University of Western Australia, Australia",contact
Veneklaas_2003,Poot,Pieter,0000-0001-7721-0696,"University of Western Australia, Australia",
Venn_2011,Venn,Susanna,0000-0002-7433-0120,"Centre for Integrative Ecology, School of Life and Environmental Sciences, Deakin University, Burwood, Australia",contact
Venn_2011,Pickering,Catherine,0000-0002-3731-5407,"School of Environment and Science, Griffith University, Australia",
Venn_2011,Morgan,John,0000-0003-2003-5983,"La Trobe University, Australia",
Vesk_2004,Vesk,Peter,0000-0003-2008-7062,"University of Melbourne, Australia",contact
Vesk_2004,Westoby,Mark,0000-0001-7690-4530,"Department of Biological Sciences, Macquarie University, Australia",
Vesk_2007,Vesk,Peter,0000-0003-2008-7062,"University of Melbourne, Australia",contact
Vesk_2019,Vesk,Peter,0000-0003-2008-7062,"University of Melbourne, Australia",contact
Vlasveld_2018,Vlasveld,Carolyn,0000-0001-6445-7067,"School of Biological Sciences, Monash University, Australia",contact
WAH_1998,Paczkowska,Grazyna,,"Western Australian Herbarium, Keiran McNamara Conservation Science Centre, Department of Biodiversity, Conservation and Attractions, Western Australia, Australia",
WAH_1998,Chapman,Alex,,"Western Australian Herbarium, Keiran McNamara Conservation Science Centre, Department of Biodiversity, Conservation and Attractions, Western Australia, Australia",
WAH_1998,Huisman,John,0000-0002-5255-8423,"Western Australian Herbarium, Biodiversity and Conservation Science, Department of Biodiversity, Conservation and Attractions, Western Australia, Australia",contact
WAH_1998,Richardson,Ben,0000-0002-6108-0572,"Western Australian Herbarium, Department of Biodiversity, Conservation and Attractions, Western Australia, Australia",
WAH_1998,Spooner,Amanda,,"Western Australian Herbarium, Keiran McNamara Conservation Science Centre, Department of Biodiversity, Conservation and Attractions, Western Australia, Australia",
WAH_1998,Coleman,Helen,,"Western Australian Herbarium, Keiran McNamara Conservation Science Centre, Department of Biodiversity, Conservation and Attractions, Western Australia, Australia",
WAH_2022_1,Paczkowska,Grazyna,,"Western Australian Herbarium, Keiran McNamara Conservation Science Centre, Department of Biodiversity, Conservation and Attractions, Western Australia, Australia",
WAH_2022_1,Chapman,Alex,,"Western Australian Herbarium, Keiran McNamara Conservation Science Centre, Department of Biodiversity, Conservation and Attractions, Western Australia, Australia",
WAH_2022_1,Huisman,John,0000-0002-5255-8423,"Western Australian Herbarium, Biodiversity and Conservation Science, Department of Biodiversity, Conservation and Attractions, Western Australia, Australia",
WAH_2022_1,Richardson,Ben,0000-0002-6108-0572,"Western Australian Herbarium, Department of Biodiversity, Conservation and Attractions, Western Australia, Australia",
WAH_2022_1,Spooner,Amanda,,"Western Australian Herbarium, Keiran McNamara Conservation Science Centre, Department of Biodiversity, Conservation and Attractions, Western Australia, Australia",
WAH_2022_1,Coleman,Helen,,"Western Australian Herbarium, Keiran McNamara Conservation Science Centre, Department of Biodiversity, Conservation and Attractions, Western Australia, Australia",
WAH_2022_1,Coleman,David,0000-0002-1773-6597,"Evolution & Ecology Research Centre, School of Biological, Earth, and Environmental Sciences, UNSW Sydney, Australia",contact
WAH_2022_2,Paczkowska,Grazyna,,"Western Australian Herbarium, Keiran McNamara Conservation Science Centre, Department of Biodiversity, Conservation and Attractions, Western Australia, Australia",
WAH_2022_2,Chapman,Alex,,"Western Australian Herbarium, Keiran McNamara Conservation Science Centre, Department of Biodiversity, Conservation and Attractions, Western Australia, Australia",
WAH_2022_2,Huisman,John,0000-0002-5255-8423,"Western Australian Herbarium, Biodiversity and Conservation Science, Department of Biodiversity, Conservation and Attractions, Western Australia, Australia",
WAH_2022_2,Richardson,Ben,0000-0002-6108-0572,"Western Australian Herbarium, Department of Biodiversity, Conservation and Attractions, Western Australia, Australia",
WAH_2022_2,Spooner,Amanda,,"Western Australian Herbarium, Keiran McNamara Conservation Science Centre, Department of Biodiversity, Conservation and Attractions, Western Australia, Australia",
WAH_2022_2,Coleman,Helen,,"Western Australian Herbarium, Keiran McNamara Conservation Science Centre, Department of Biodiversity, Conservation and Attractions, Western Australia, Australia",
WAH_2022_2,Coleman,David,0000-0002-1773-6597,"Evolution & Ecology Research Centre, School of Biological, Earth, and Environmental Sciences, UNSW Sydney, Australia",contact
WAH_2023_1,Paczkowska,Grazyna,,"Western Australian Herbarium, Keiran McNamara Conservation Science Centre, Department of Biodiversity, Conservation and Attractions, Western Australia, Australia",
WAH_2023_1,Chapman,Alex,,"Western Australian Herbarium, Keiran McNamara Conservation Science Centre, Department of Biodiversity, Conservation and Attractions, Western Australia, Australia",
WAH_2023_1,Huisman,John,0000-0002-5255-8423,"Western Australian Herbarium, Biodiversity and Conservation Science, Department of Biodiversity, Conservation and Attractions, Western Australia, Australia",
WAH_2023_1,Richardson,Ben,0000-0002-6108-0572,"Western Australian Herbarium, Department of Biodiversity, Conservation and Attractions, Western Australia, Australia",
WAH_2023_1,Spooner,Amanda,,"Western Australian Herbarium, Keiran McNamara Conservation Science Centre, Department of Biodiversity, Conservation and Attractions, Western Australia, Australia",
WAH_2023_1,Coleman,Helen,,"Western Australian Herbarium, Keiran McNamara Conservation Science Centre, Department of Biodiversity, Conservation and Attractions, Western Australia, Australia",
WAH_2023_1,Coleman,David,0000-0002-1773-6597,"Evolution & Ecology Research Centre, School of Biological, Earth, and Environmental Sciences, UNSW Sydney, Australia",contact
WAH_2023_2,Paczkowska,Grazyna,,"Western Australian Herbarium, Keiran McNamara Conservation Science Centre, Department of Biodiversity, Conservation and Attractions, Western Australia, Australia",
WAH_2023_2,Chapman,Alex,,"Western Australian Herbarium, Keiran McNamara Conservation Science Centre, Department of Biodiversity, Conservation and Attractions, Western Australia, Australia",
WAH_2023_2,Huisman,John,0000-0002-5255-8423,"Western Australian Herbarium, Biodiversity and Conservation Science, Department of Biodiversity, Conservation and Attractions, Western Australia, Australia",
WAH_2023_2,Richardson,Ben,0000-0002-6108-0572,"Western Australian Herbarium, Department of Biodiversity, Conservation and Attractions, Western Australia, Australia",
WAH_2023_2,Spooner,Amanda,,"Western Australian Herbarium, Keiran McNamara Conservation Science Centre, Department of Biodiversity, Conservation and Attractions, Western Australia, Australia",
WAH_2023_2,Coleman,Helen,,"Western Australian Herbarium, Keiran McNamara Conservation Science Centre, Department of Biodiversity, Conservation and Attractions, Western Australia, Australia",
WAH_2023_2,Coleman,David,0000-0002-1773-6597,"Evolution & Ecology Research Centre, School of Biological, Earth, and Environmental Sciences, UNSW Sydney, Australia",contact
Warren_2005,Warren,Charles,0000-0002-0788-4713,"School of Life and Environmental Sciences, The University of Sydney, Australia",contact
Warren_2006,Warren,Charles,0000-0002-0788-4713,"School of Life and Environmental Sciences, The University of Sydney, Australia",contact
Weerasinghe_2014,Weerasinghe,Lasantha K.,0000-0002-5173-8000,"Faculty of Agriculture, University of Peradeniya, Peradeniya 20400, Sri Lanka",
Weerasinghe_2014,Atkin,Owen,0000-0003-1041-5202,"The Australian National University, Australia",
Weerasinghe_2014,Crous,Kristine,0000-0001-9478-7593,"Hawkesbury Institute for the Environment, Western Sydney University, Australia",contact
Wells_2012,Wells,Jessie,0000-0002-3555-5108,"School of Biological Sciences, The University of Queensland, Australia",contact
Wells_2012,Possingham,Hugh,0000-0001-7755-996X,"The University of Queensland, Australia",
Wells_2012,Kanowski,John,,"Australian Wildlife Conservancy, Australia",
Wenk_2022,Wenk,Elizabeth,0000-0001-5640-5910,"Evolution & Ecology Research Centre, School of Biological, Earth, and Environmental Sciences, UNSW Sydney, Australia",
Wenk_2022,Coleman,David,0000-0002-1773-6597,"Evolution & Ecology Research Centre, School of Biological, Earth, and Environmental Sciences, UNSW Sydney, Australia",
Wenk_2023,Wenk,Elizabeth,0000-0001-5640-5910,"Evolution & Ecology Research Centre, School of Biological, Earth, and Environmental Sciences, UNSW Sydney, Australia",
Wenk_2023,Coleman,David,0000-0002-1773-6597,"Evolution & Ecology Research Centre, School of Biological, Earth, and Environmental Sciences, UNSW Sydney, Australia",
Wenk_2023_2,Wenk,Elizabeth,0000-0001-5640-5910,"Evolution & Ecology Research Centre, School of Biological, Earth, and Environmental Sciences, UNSW Sydney, Australia",
Wenk_2023_2,Coleman,David,0000-0002-1773-6597,"Evolution & Ecology Research Centre, School of Biological, Earth, and Environmental Sciences, UNSW Sydney, Australia",
Westman_1977,Westman,W.E,,"The University of Queensland, Australia",
Westoby_2003,Wright,Ian,0000-0001-8338-9143,"Hawkesbury Institute for the Environment, Western Sydney University, Australia",
Westoby_2003,Westoby,Mark,0000-0001-7690-4530,"Department of Biological Sciences, Macquarie University, Australia",contact
Westoby_2004,Westoby,Mark,0000-0001-7690-4530,"Department of Biological Sciences, Macquarie University, Australia",contact
Westoby_2014,Gleason,Sean,0000-0002-5607-4741,"USDA-ARS, WMSRU, Fort Collins, Colorado 80526, USA",contact
Westoby_2014,Blackman,Chris,0000-0002-7057-956X,"University of Tasmania, Australia",
Westoby_2014,Westoby,Mark,0000-0001-7690-4530,"Department of Biological Sciences, Macquarie University, Australia",
Westoby_2014,Butler,Don,,"Department of Biological Sciences, Macquarie University, Australia",
Westoby_2014,Zieminska,Kasia,0000-0001-7750-4758,"AMAP (Botanique et Modélisation de l'Architecture des Plantes et des Végétations), Université de Montpellier, CIRAD, CNRS, INRA, IRD, Montpellier, France",
Wheeler_2002,Gallagher,Rachael,0000-0002-4680-8115,"Hawkesbury Institute for the Environment, Western Sydney University, Australia",contact
White_2020,White,Matthew,0000-0003-2120-0071,"Department of Environment, Land, Water and Planning, Victoria, Australia",contact
White_2020,Sinclair,Steven,0000-0002-4282-1021,"Department of Environment, Land, Water and Planning, Victoria, Australia",
White_2020,Frood,Doug,,"Pathways Bushland and Environment Consultancy, Australia",
Williams_2005,Williams,Nicholas,0000-0001-6291-9483,"University of Melbourne, Australia",contact
Williams_2005,Morgan,John,0000-0003-2003-5983,"La Trobe University, Australia",
Williams_2011,Williams,Nicholas,0000-0001-6291-9483,"University of Melbourne, Australia",contact
Williams_2011,Vesk,Peter,0000-0003-2008-7062,"University of Melbourne, Australia",
Williams_2011,Hahs,Amy,0000-0003-0163-6732,"School of Ecosystem and Forest Sciences, The University of Melbourne, Australia",
Williams_2011,Duncan,Richard P.,0000-0003-2295-449X,"Institute for Applied Ecology, University of Canberra, ACT 2617, Australia",
Williams_2012,Williams,Paul R.,unknown,"Vegetation Management Science, Malanda, Queensland, Australia",
Wills_2018,Wills,Jarrah,0000-0002-0235-7690,"School of Life and Environmental Sciences, The University of Sydney, Australia",contact
Wills_2018,Firn,Jennifer,0000-0001-6026-8912,"Queensland University of Technology, Brisbane, Australia",
Wills_2018,Herbohn,John,0000-0001-5701-4882,"School of Agriculture and Food Science, The University of Queensland, Australia",
Wilson_2004,Wilson,Barbara,,"Biodiversity and Conservation Science, Department of Biodiversity, Conservation and Attractions, WA, Australia",
Wilson_2008,Wilson,Peter,0000-0001-8581-318X,"National Herbarium of NSW and Royal Botanic Gardens and Domain Trust, Australia",contact
Witkowski_1991,Witkowski,E. T. F.,,"University of the Witwatersrand, South Africa",
Wooller_2002,Wooller,Susan,,"Murdoch University, Australia",
Wright_2000,Clifford,Harold Trevor,,"The University of Queensland, Australia",
Wright_2000,Westoby,Mark,0000-0001-7690-4530,"Department of Biological Sciences, Macquarie University, Australia",
Wright_2000,Wright,Ian,0000-0001-8338-9143,"Hawkesbury Institute for the Environment, Western Sydney University, Australia",contact
Wright_2001,Wright,Ian,0000-0001-8338-9143,"Hawkesbury Institute for the Environment, Western Sydney University, Australia",contact
Wright_2001,Henery,Martin,,"Parks Australia, Department of Agriculture, Water and the Environment, Australia",
Wright_2001,Westoby,Mark,0000-0001-7690-4530,"Department of Biological Sciences, Macquarie University, Australia",
Wright_2002,Wright,Ian,0000-0001-8338-9143,"Hawkesbury Institute for the Environment, Western Sydney University, Australia",contact
Wright_2002,Lenz,Tanja,,"Department of Biological Sciences, Macquarie University, Australia",
Wright_2002,Zanne,Amy,0000-0001-6379-9452,"Department of Biology, University of Miami, Coral Gables, Florida 33146, USA",
Wright_2002,Westoby,Mark,0000-0001-7690-4530,"Department of Biological Sciences, Macquarie University, Australia",
Wright_2006,Wright,Ian,0000-0001-8338-9143,"Hawkesbury Institute for the Environment, Western Sydney University, Australia",contact
Wright_2006,Falster,Daniel,0000-0002-9814-092X,"Evolution & Ecology Research Centre, School of Biological, Earth, and Environmental Sciences, UNSW Sydney, Australia",
Wright_2006,Westoby,Mark,0000-0001-7690-4530,"Department of Biological Sciences, Macquarie University, Australia",
Wright_2008,Wright,Ian,0000-0001-8338-9143,"Hawkesbury Institute for the Environment, Western Sydney University, Australia",
Wright_2008,Lehmann,Caroline,0000-0002-6825-124X,"Royal Botanic Garden Edinburgh, Edinburgh, United Kingdom",contact
Wright_2008,Richards,Anna,0000-0002-2934-5497,"CSIRO Land and Water, Australia",
Wright_2009,Wright,Ian,0000-0001-8338-9143,"Hawkesbury Institute for the Environment, Western Sydney University, Australia",contact
Wright_2009,Niinemets,Ülo,0000-0002-3078-2192,"Estonian University of Life Sciences, Estonia",
Wright_2009,Lindsay,Liz,,"Department of Biological Sciences, Macquarie University, Australia",
Wright_2009,Westoby,Mark,0000-0001-7690-4530,"Department of Biological Sciences, Macquarie University, Australia",
Wright_2019,Wright,Ian,0000-0001-8338-9143,"Hawkesbury Institute for the Environment, Western Sydney University, Australia",contact
Yang_2023,Yang,Sophie,0000-0001-7328-345X,"Evolution & Ecology Research Centre, School of Biological, Earth, and Environmental Sciences, UNSW Sydney, Australia",contact
Yang_2023,Wenk,Elizabeth,0000-0001-5640-5910,"Evolution & Ecology Research Centre, School of Biological, Earth, and Environmental Sciences, UNSW Sydney, Australia",
Yang_2023,Coleman,David,0000-0002-1773-6597,"Evolution & Ecology Research Centre, School of Biological, Earth, and Environmental Sciences, UNSW Sydney, Australia",
Yunusa_2010,Yunusa,Isa,,"University of Technology Sydney, Australia",
Zanne_2007,Zanne,Amy,0000-0001-6379-9452,"Department of Biology, University of Miami, Coral Gables, Florida 33146, USA",contact
Zanne_2007,Westoby,Mark,0000-0001-7690-4530,"Department of Biological Sciences, Macquarie University, Australia",
Zanne_2009,Zanne,Amy,0000-0001-6379-9452,"Department of Biology, University of Miami, Coral Gables, Florida 33146, USA",contact
Zeppel_2008,Zeppel,Melanie,0000-0002-5510-0936,Natural Capital & Carbon Analytics,
Zieminska_2013,Ziemińska,Kasia,0000-0001-7750-4758,"AMAP (Botanique et Modélisation de l'Architecture des Plantes et des Végétations), Université de Montpellier, CIRAD, CNRS, INRA, IRD, Montpellier, France",contact
Zieminska_2013,Wright,Ian,0000-0001-8338-9143,"Hawkesbury Institute for the Environment, Western Sydney University, Australia",
Zieminska_2013,Westoby,Mark,0000-0001-7690-4530,"Department of Biological Sciences, Macquarie University, Australia",
Zieminska_2015,Ziemińska,Kasia,0000-0001-7750-4758,"AMAP (Botanique et Modélisation de l'Architecture des Plantes et des Végétations), Université de Montpellier, CIRAD, CNRS, INRA, IRD, Montpellier, France",contact
Zieminska_2015,Wright,Ian,0000-0001-8338-9143,"Hawkesbury Institute for the Environment, Western Sydney University, Australia",
Zieminska_2015,Westoby,Mark,0000-0001-7690-4530,"Department of Biological Sciences, Macquarie University, Australia",
Zolfaghar_2015,Zolfaghar,Sepideh,0000-0003-0960-9560,"University of Technology Sydney, Australia",contact
Zolfaghar_2015,Eamus,Derek,0000-0003-2765-8040,"University of Technology Sydney, Australia",
